[0m12:57:58.917537 [debug] [MainThread]: Sending event: {'category': 'dbt', 'action': 'invocation', 'label': 'start', 'context': [<snowplow_tracker.self_describing_json.SelfDescribingJson object at 0x000001FD298763C0>, <snowplow_tracker.self_describing_json.SelfDescribingJson object at 0x000001FD266791D0>, <snowplow_tracker.self_describing_json.SelfDescribingJson object at 0x000001FD2BE1BB10>]}


============================== 12:57:58.923538 | 2af0ceb8-a25f-44d0-ac9d-3dbc43b19f97 ==============================
[0m12:57:58.923538 [info ] [MainThread]: Running with dbt=1.12.5
[0m12:57:58.924176 [debug] [MainThread]: running dbt with arguments {'static_parser': 'True', 'no_print': 'None', 'maximum_seed_size_mib': '1', 'warn_error_options': 'WarnErrorOptionsV2(error=[], warn=[], silence=[])', 'target_path': 'None', 'version_check': 'True', 'printer_width': '80', 'write_json': 'True', 'introspect': 'True', 'log_cache_events': 'False', 'empty': 'False', 'cache_selected_only': 'False', 'fail_fast': 'False', 'debug': 'False', 'log_format': 'default', 'partial_parse': 'True', 'send_anonymous_usage_stats': 'True', 'quiet': 'False', 'warn_error': 'None', 'profiles_dir': 'C:\\Users\\Rickard\\.dbt', 'invocation_command': 'dbt build', 'hints_enabled': 'True', 'indirect_selection': 'eager', 'use_experimental_parser': 'False', 'use_colors': 'True', 'log_path': 'C:\\Users\\Rickard\\Documents\\github\\modern-data-stack-course\\14_dagster\\data_transformation\\logs'}
[0m12:58:01.933379 [debug] [MainThread]: Snowflake adapter: Setting snowflake.connector to ERROR (file logging only)
[0m12:58:01.933850 [debug] [MainThread]: Snowflake adapter: Setting botocore to ERROR (file logging only)
[0m12:58:01.934191 [debug] [MainThread]: Snowflake adapter: Setting boto3 to ERROR (file logging only)
[0m12:58:04.084029 [debug] [MainThread]: Sending event: {'category': 'dbt', 'action': 'project_id', 'label': '2af0ceb8-a25f-44d0-ac9d-3dbc43b19f97', 'context': [<snowplow_tracker.self_describing_json.SelfDescribingJson object at 0x000001FD29E00C30>]}
[0m12:58:04.179455 [debug] [MainThread]: Sending event: {'category': 'dbt', 'action': 'adapter_info', 'label': '2af0ceb8-a25f-44d0-ac9d-3dbc43b19f97', 'context': [<snowplow_tracker.self_describing_json.SelfDescribingJson object at 0x000001FD2BE3A9C0>]}
[0m12:58:04.181304 [info ] [MainThread]: Registered adapter: snowflake=1.12.1
[0m12:58:04.716300 [error] [MainThread]: [[31mERROR[0m]: Encountered an error:
Compilation Error
  dbt expects 3 package(s) based on packages specified in packages.yml, but found only 0 package(s) installed in dbt_packages. Following packages were not found: dbt_expectations, dbt_date, dbt_utils. Run "dbt deps" to install package dependencies.
[0m12:58:04.717779 [debug] [MainThread]: Command `dbt build` failed at 12:58:04.717657 after 5.97 seconds
[0m12:58:04.718150 [debug] [MainThread]: Sending event: {'category': 'dbt', 'action': 'invocation', 'label': 'end', 'context': [<snowplow_tracker.self_describing_json.SelfDescribingJson object at 0x000001FD457CCC50>, <snowplow_tracker.self_describing_json.SelfDescribingJson object at 0x000001FD457CCE50>, <snowplow_tracker.self_describing_json.SelfDescribingJson object at 0x000001FD45CAC500>]}
[0m12:58:04.718516 [debug] [MainThread]: Flushing usage events
[0m12:58:05.645466 [debug] [MainThread]: An error was encountered while trying to flush usage events
[0m12:58:18.433202 [debug] [MainThread]: Sending event: {'category': 'dbt', 'action': 'invocation', 'label': 'start', 'context': [<snowplow_tracker.self_describing_json.SelfDescribingJson object at 0x000002223C7D63C0>, <snowplow_tracker.self_describing_json.SelfDescribingJson object at 0x000002223ED23ED0>, <snowplow_tracker.self_describing_json.SelfDescribingJson object at 0x000002223ED23B10>]}


============================== 12:58:18.437323 | 3b2616a5-7098-4139-a76f-e609fe347209 ==============================
[0m12:58:18.437323 [info ] [MainThread]: Running with dbt=1.12.5
[0m12:58:18.437974 [debug] [MainThread]: running dbt with arguments {'static_parser': 'True', 'no_print': 'None', 'maximum_seed_size_mib': '1', 'warn_error_options': 'WarnErrorOptionsV2(error=[], warn=[], silence=[])', 'version_check': 'True', 'target_path': 'None', 'printer_width': '80', 'write_json': 'True', 'empty': 'None', 'log_cache_events': 'False', 'introspect': 'True', 'cache_selected_only': 'False', 'fail_fast': 'False', 'debug': 'False', 'log_format': 'default', 'partial_parse': 'True', 'send_anonymous_usage_stats': 'True', 'quiet': 'False', 'warn_error': 'None', 'profiles_dir': 'C:\\Users\\Rickard\\.dbt', 'indirect_selection': 'eager', 'hints_enabled': 'True', 'use_colors': 'True', 'use_experimental_parser': 'False', 'invocation_command': 'dbt deps', 'log_path': 'C:\\Users\\Rickard\\Documents\\github\\modern-data-stack-course\\14_dagster\\data_transformation\\logs'}
[0m12:58:18.615316 [debug] [MainThread]: Sending event: {'category': 'dbt', 'action': 'project_id', 'label': '3b2616a5-7098-4139-a76f-e609fe347209', 'context': [<snowplow_tracker.self_describing_json.SelfDescribingJson object at 0x000002223CD60C30>]}
[0m12:58:18.667776 [debug] [MainThread]: Set downloads directory='C:\Users\Rickard\AppData\Local\Temp\dbt-downloads-ykmif5im'
[0m12:58:18.668224 [debug] [MainThread]: Making package index registry request: GET https://hub.getdbt.com/api/v1/index.json
[0m12:58:19.177927 [debug] [MainThread]: Response from registry index: GET https://hub.getdbt.com/api/v1/index.json 200
[0m12:58:19.179534 [debug] [MainThread]: Making package registry request: GET https://hub.getdbt.com/api/v1/dbt-labs/dbt_utils.json
[0m12:58:19.650843 [debug] [MainThread]: Response from registry: GET https://hub.getdbt.com/api/v1/dbt-labs/dbt_utils.json 200
[0m12:58:19.655602 [debug] [MainThread]: Making package registry request: GET https://hub.getdbt.com/api/v1/calogica/dbt_expectations.json
[0m12:58:20.143569 [debug] [MainThread]: Response from registry: GET https://hub.getdbt.com/api/v1/calogica/dbt_expectations.json 200
[0m12:58:20.145765 [warn ] [MainThread]: [[33mWARNING[0m]: Deprecated functionality
The `calogica/dbt_expectations` package is deprecated in favor of
`metaplane/dbt_expectations`. Please update your `packages.yml` configuration to
use `metaplane/dbt_expectations` instead.
[0m12:58:20.146273 [debug] [MainThread]: Sending event: {'category': 'dbt', 'action': 'deprecation', 'label': '3b2616a5-7098-4139-a76f-e609fe347209', 'property_': 'warn', 'context': [<snowplow_tracker.self_describing_json.SelfDescribingJson object at 0x000002223EFE7350>]}
[0m12:58:20.148521 [debug] [MainThread]: Making package registry request: GET https://hub.getdbt.com/api/v1/calogica/dbt_date.json
[0m12:58:20.597888 [debug] [MainThread]: Response from registry: GET https://hub.getdbt.com/api/v1/calogica/dbt_date.json 200
[0m12:58:20.601010 [info ] [MainThread]: Installing dbt-labs/dbt_utils
[0m12:58:21.512323 [info ] [MainThread]: Installed from version 1.3.0
[0m12:58:21.512842 [info ] [MainThread]: Updated version available: 1.4.1
[0m12:58:21.513309 [debug] [MainThread]: Sending event: {'category': 'dbt', 'action': 'package', 'label': '3b2616a5-7098-4139-a76f-e609fe347209', 'property_': 'install', 'context': [<snowplow_tracker.self_describing_json.SelfDescribingJson object at 0x000002223EB7B150>, <snowplow_tracker.self_describing_json.SelfDescribingJson object at 0x000002223F006A50>]}
[0m12:58:21.513696 [info ] [MainThread]: Installing calogica/dbt_expectations
[0m12:58:22.607323 [info ] [MainThread]: Installed from version 0.10.3
[0m12:58:22.607879 [info ] [MainThread]: Updated version available: 0.10.4
[0m12:58:22.608351 [debug] [MainThread]: Sending event: {'category': 'dbt', 'action': 'package', 'label': '3b2616a5-7098-4139-a76f-e609fe347209', 'property_': 'install', 'context': [<snowplow_tracker.self_describing_json.SelfDescribingJson object at 0x000002223F0524E0>, <snowplow_tracker.self_describing_json.SelfDescribingJson object at 0x000002223EFF9A90>]}
[0m12:58:22.608754 [info ] [MainThread]: Installing calogica/dbt_date
[0m12:58:23.338380 [info ] [MainThread]: Installed from version 0.10.1
[0m12:58:23.338922 [info ] [MainThread]: Up to date!
[0m12:58:23.339400 [debug] [MainThread]: Sending event: {'category': 'dbt', 'action': 'package', 'label': '3b2616a5-7098-4139-a76f-e609fe347209', 'property_': 'install', 'context': [<snowplow_tracker.self_describing_json.SelfDescribingJson object at 0x000002223F4B98B0>, <snowplow_tracker.self_describing_json.SelfDescribingJson object at 0x000002223EFE2750>]}
[0m12:58:23.339784 [info ] [MainThread]: 
[0m12:58:23.340204 [info ] [MainThread]: Updates available for packages: ['dbt-labs/dbt_utils', 'calogica/dbt_expectations']                 
Update your versions in packages.yml, then run dbt deps
[0m12:58:23.342654 [warn ] [MainThread]: [[33mWARNING[0m][DeprecationsSummary]: Deprecated functionality
Summary of encountered deprecations:
- PackageRedirectDeprecation: 2 occurrences
To see all deprecation instances instead of just the first occurrence of each,
run command again with the `--show-all-deprecations` flag. You may also need to
run with `--no-partial-parse` as some deprecations are only encountered during
parsing.
[0m12:58:23.344102 [debug] [MainThread]: Command `dbt deps` succeeded at 12:58:23.343958 after 5.06 seconds
[0m12:58:23.344483 [debug] [MainThread]: Sending event: {'category': 'dbt', 'action': 'invocation', 'label': 'end', 'context': [<snowplow_tracker.self_describing_json.SelfDescribingJson object at 0x000002223EA73960>, <snowplow_tracker.self_describing_json.SelfDescribingJson object at 0x000002223EDA3E30>, <snowplow_tracker.self_describing_json.SelfDescribingJson object at 0x000002223EF880F0>]}
[0m12:58:23.344871 [debug] [MainThread]: Flushing usage events
[0m12:58:24.169048 [debug] [MainThread]: An error was encountered while trying to flush usage events
[0m12:58:39.830008 [debug] [MainThread]: Sending event: {'category': 'dbt', 'action': 'invocation', 'label': 'start', 'context': [<snowplow_tracker.self_describing_json.SelfDescribingJson object at 0x000001DBAA5563C0>, <snowplow_tracker.self_describing_json.SelfDescribingJson object at 0x000001DBACAF7ED0>, <snowplow_tracker.self_describing_json.SelfDescribingJson object at 0x000001DBACAF79D0>]}


============================== 12:58:39.834219 | 17721476-fb8f-4a54-a775-97fa2f56cd95 ==============================
[0m12:58:39.834219 [info ] [MainThread]: Running with dbt=1.12.5
[0m12:58:39.834866 [debug] [MainThread]: running dbt with arguments {'static_parser': 'True', 'no_print': 'None', 'version_check': 'True', 'warn_error_options': 'WarnErrorOptionsV2(error=[], warn=[], silence=[])', 'target_path': 'None', 'maximum_seed_size_mib': '1', 'printer_width': '80', 'write_json': 'True', 'introspect': 'True', 'log_cache_events': 'False', 'empty': 'False', 'cache_selected_only': 'False', 'fail_fast': 'False', 'debug': 'False', 'log_format': 'default', 'profiles_dir': 'C:\\Users\\Rickard\\.dbt', 'send_anonymous_usage_stats': 'True', 'quiet': 'False', 'warn_error': 'None', 'partial_parse': 'True', 'indirect_selection': 'eager', 'hints_enabled': 'True', 'invocation_command': 'dbt build', 'use_experimental_parser': 'False', 'use_colors': 'True', 'log_path': 'C:\\Users\\Rickard\\Documents\\github\\modern-data-stack-course\\14_dagster\\data_transformation\\logs'}
[0m12:58:40.716107 [debug] [MainThread]: Snowflake adapter: Setting snowflake.connector to ERROR (file logging only)
[0m12:58:40.716580 [debug] [MainThread]: Snowflake adapter: Setting botocore to ERROR (file logging only)
[0m12:58:40.716916 [debug] [MainThread]: Snowflake adapter: Setting boto3 to ERROR (file logging only)
[0m12:58:41.048292 [debug] [MainThread]: Sending event: {'category': 'dbt', 'action': 'project_id', 'label': '17721476-fb8f-4a54-a775-97fa2f56cd95', 'context': [<snowplow_tracker.self_describing_json.SelfDescribingJson object at 0x000001DBAAAE0C30>]}
[0m12:58:41.135706 [debug] [MainThread]: Sending event: {'category': 'dbt', 'action': 'adapter_info', 'label': '17721476-fb8f-4a54-a775-97fa2f56cd95', 'context': [<snowplow_tracker.self_describing_json.SelfDescribingJson object at 0x000001DBACACD370>]}
[0m12:58:41.137300 [info ] [MainThread]: Registered adapter: snowflake=1.12.1
[0m12:58:41.622446 [debug] [MainThread]: checksum: e9d4732f47306cf2cd6bfd4916835be069b744b4c85486ddc17ea38e7b7e5573, vars: {}, profile: dbt_snowflake, target: dev, version: 1.12.5
[0m12:58:41.623783 [info ] [MainThread]: Unable to do partial parsing because saved manifest not found. Starting full parse.
[0m12:58:41.624266 [debug] [MainThread]: Sending event: {'category': 'dbt', 'action': 'partial_parser', 'label': '17721476-fb8f-4a54-a775-97fa2f56cd95', 'context': [<snowplow_tracker.self_describing_json.SelfDescribingJson object at 0x000001DBC618F350>]}
[0m12:58:45.483600 [warn ] [MainThread]: [[33mWARNING[0m][MissingArgumentsPropertyInGenericTestDeprecation]: Deprecated
functionality
Found top-level arguments to test `relationships` defined on 'fct_job_ads' in
package 'dbt_code' (models\schema.yml). Arguments to generic tests should be
nested under the `arguments` property.
[0m12:58:45.484219 [debug] [MainThread]: Sending event: {'category': 'dbt', 'action': 'deprecation', 'label': '17721476-fb8f-4a54-a775-97fa2f56cd95', 'property_': 'warn', 'context': [<snowplow_tracker.self_describing_json.SelfDescribingJson object at 0x000001DBC6A87200>]}
[0m12:58:45.903827 [debug] [MainThread]: Sending event: {'category': 'dbt', 'action': 'load_project', 'label': '17721476-fb8f-4a54-a775-97fa2f56cd95', 'context': [<snowplow_tracker.self_describing_json.SelfDescribingJson object at 0x000001DBC7DFDD30>]}
[0m12:58:46.030807 [debug] [MainThread]: Wrote artifact WritableManifest to C:\Users\Rickard\Documents\github\modern-data-stack-course\14_dagster\data_transformation\target\manifest.json
[0m12:58:46.041839 [debug] [MainThread]: Wrote artifact SemanticManifest to C:\Users\Rickard\Documents\github\modern-data-stack-course\14_dagster\data_transformation\target\semantic_manifest.json
[0m12:58:46.086465 [debug] [MainThread]: Wrote artifact OsiDocument to C:\Users\Rickard\Documents\github\modern-data-stack-course\14_dagster\data_transformation\target\osi_document.json
[0m12:58:46.183509 [debug] [MainThread]: Sending event: {'category': 'dbt', 'action': 'resource_counts', 'label': '17721476-fb8f-4a54-a775-97fa2f56cd95', 'context': [<snowplow_tracker.self_describing_json.SelfDescribingJson object at 0x000001DBC8216000>]}
[0m12:58:46.183972 [info ] [MainThread]: Found 9 models, 10 data tests, 1 source, 947 macros
[0m12:58:46.186733 [info ] [MainThread]: 
[0m12:58:46.187200 [info ] [MainThread]: Concurrency: 1 threads (target='dev')
[0m12:58:46.187662 [info ] [MainThread]: 
[0m12:58:46.188351 [debug] [MainThread]: Acquiring new snowflake connection 'master'
[0m12:58:46.192784 [debug] [ThreadPool]: Acquiring new snowflake connection 'list_job_ads'
[0m12:58:46.206936 [debug] [ThreadPool]: Using snowflake connection "list_job_ads"
[0m12:58:46.207331 [debug] [ThreadPool]: On list_job_ads: show terse schemas in database job_ads
    limit 10000
/* {"app": "dbt", "dbt_version": "1.12.5", "profile_name": "dbt_snowflake", "target_name": "dev", "connection_name": "list_job_ads"} */
[0m12:58:46.207652 [debug] [ThreadPool]: Opening a new connection, currently in state init
[0m12:58:47.467100 [debug] [ThreadPool]: SQL status: SUCCESS 4 in 1.259 seconds
[0m12:58:47.469608 [debug] [ThreadPool]: Using snowflake connection "list_job_ads"
[0m12:58:47.470036 [debug] [ThreadPool]: On list_job_ads: show terse schemas in database job_ads
    limit 10000
/* {"app": "dbt", "dbt_version": "1.12.5", "profile_name": "dbt_snowflake", "target_name": "dev", "connection_name": "list_job_ads"} */
[0m12:58:47.542586 [debug] [ThreadPool]: SQL status: SUCCESS 4 in 0.072 seconds
[0m12:58:47.545302 [debug] [ThreadPool]: Acquiring new snowflake connection 'list_job_ads_marts'
[0m12:58:47.555923 [debug] [ThreadPool]: Using snowflake connection "list_job_ads_marts"
[0m12:58:47.556293 [debug] [ThreadPool]: On list_job_ads_marts: show objects in job_ads.marts
    limit 10000
    

/* {"app": "dbt", "dbt_version": "1.12.5", "profile_name": "dbt_snowflake", "target_name": "dev", "connection_name": "list_job_ads_marts"} */;
[0m12:58:47.556759 [debug] [ThreadPool]: Opening a new connection, currently in state init
[0m12:58:47.820512 [debug] [ThreadPool]: SQL status: SUCCESS 1 in 0.264 seconds
[0m12:58:47.825136 [debug] [ThreadPool]: Using snowflake connection "list_job_ads_marts"
[0m12:58:47.825463 [debug] [ThreadPool]: On list_job_ads_marts: show user functions in job_ads.marts
/* {"app": "dbt", "dbt_version": "1.12.5", "profile_name": "dbt_snowflake", "target_name": "dev", "connection_name": "list_job_ads_marts"} */
[0m12:58:47.877448 [debug] [ThreadPool]: SQL status: SUCCESS 0 in 0.052 seconds
[0m12:58:47.880201 [debug] [ThreadPool]: Re-using an available connection from the pool (formerly list_job_ads_marts, now list_job_ads_warehouse)
[0m12:58:47.882284 [debug] [ThreadPool]: Using snowflake connection "list_job_ads_warehouse"
[0m12:58:47.883161 [debug] [ThreadPool]: On list_job_ads_warehouse: show objects in job_ads.warehouse
    limit 10000
    

/* {"app": "dbt", "dbt_version": "1.12.5", "profile_name": "dbt_snowflake", "target_name": "dev", "connection_name": "list_job_ads_warehouse"} */;
[0m12:58:47.978238 [debug] [ThreadPool]: SQL status: SUCCESS 3 in 0.094 seconds
[0m12:58:47.980713 [debug] [ThreadPool]: Using snowflake connection "list_job_ads_warehouse"
[0m12:58:47.981161 [debug] [ThreadPool]: On list_job_ads_warehouse: show user functions in job_ads.warehouse
/* {"app": "dbt", "dbt_version": "1.12.5", "profile_name": "dbt_snowflake", "target_name": "dev", "connection_name": "list_job_ads_warehouse"} */
[0m12:58:48.029900 [debug] [ThreadPool]: SQL status: SUCCESS 0 in 0.048 seconds
[0m12:58:48.032330 [debug] [MainThread]: Sending event: {'category': 'dbt', 'action': 'runnable_timing', 'label': '17721476-fb8f-4a54-a775-97fa2f56cd95', 'context': [<snowplow_tracker.self_describing_json.SelfDescribingJson object at 0x000001DBC67B8F50>]}
[0m12:58:48.045246 [debug] [Thread-2 (]: Began running node model.dbt_code.src_employer
[0m12:58:48.045855 [debug] [Thread-2 (]: Acquiring new snowflake connection 'model.dbt_code.src_employer'
[0m12:58:48.046211 [debug] [Thread-2 (]: Began compiling node model.dbt_code.src_employer
[0m12:58:48.051980 [debug] [Thread-2 (]: Writing injected SQL for node "model.dbt_code.src_employer"
[0m12:58:48.054209 [debug] [Thread-2 (]: Finished running node model.dbt_code.src_employer
[0m12:58:48.054632 [debug] [Thread-2 (]: Began running node model.dbt_code.src_job_ads
[0m12:58:48.055031 [debug] [Thread-2 (]: Re-using an available connection from the pool (formerly model.dbt_code.src_employer, now model.dbt_code.src_job_ads)
[0m12:58:48.055385 [debug] [Thread-2 (]: Began compiling node model.dbt_code.src_job_ads
[0m12:58:48.057380 [debug] [Thread-2 (]: Writing injected SQL for node "model.dbt_code.src_job_ads"
[0m12:58:48.058694 [debug] [Thread-2 (]: Finished running node model.dbt_code.src_job_ads
[0m12:58:48.059132 [debug] [Thread-2 (]: Began running node model.dbt_code.src_occupation
[0m12:58:48.059631 [debug] [Thread-2 (]: Re-using an available connection from the pool (formerly model.dbt_code.src_job_ads, now model.dbt_code.src_occupation)
[0m12:58:48.060092 [debug] [Thread-2 (]: Began compiling node model.dbt_code.src_occupation
[0m12:58:48.061692 [debug] [Thread-2 (]: Writing injected SQL for node "model.dbt_code.src_occupation"
[0m12:58:48.062842 [debug] [Thread-2 (]: Finished running node model.dbt_code.src_occupation
[0m12:58:48.063458 [debug] [Thread-2 (]: Began running node model.dbt_code.dim_employer
[0m12:58:48.064172 [info ] [Thread-2 (]: 1 of 14 START sql table model warehouse.dim_employer ........................... [RUN]
[0m12:58:48.064801 [debug] [Thread-2 (]: Re-using an available connection from the pool (formerly model.dbt_code.src_occupation, now model.dbt_code.dim_employer)
[0m12:58:48.065191 [debug] [Thread-2 (]: Began compiling node model.dbt_code.dim_employer
[0m12:58:48.072403 [debug] [Thread-2 (]: Writing injected SQL for node "model.dbt_code.dim_employer"
[0m12:58:48.073654 [debug] [Thread-2 (]: Began executing node model.dbt_code.dim_employer
[0m12:58:48.108144 [debug] [Thread-2 (]: Writing runtime sql for node "model.dbt_code.dim_employer"
[0m12:58:48.111472 [debug] [Thread-2 (]: Using snowflake connection "model.dbt_code.dim_employer"
[0m12:58:48.111949 [debug] [Thread-2 (]: On model.dbt_code.dim_employer: create or replace transient table job_ads.warehouse.dim_employer
    
    
    
    
    

    as (with  __dbt__cte__src_employer as (
with stg_job_ads as (select * from job_ads.staging.technical_field_job_ads)

select
    employer__workplace as employer_workplace,
    workplace_address__municipality as workplace_municipality,
    employer__name as employer_name,
    employer__organization_number as employer_organization_number,
    workplace_address__street_address as workplace_street_address,
    workplace_address__region as workplace_region,
    workplace_address__postcode as workplace_postcode,
    workplace_address__city as workplace_city,
    workplace_address__country as workplace_country,
    coalesce(workplace_address__city, workplace_address__municipality) as workplace_city
from stg_job_ads
), src_employer as (select * from __dbt__cte__src_employer)

select
    md5(cast(coalesce(cast(employer_workplace as TEXT), '_dbt_utils_surrogate_key_null_') || '-' || coalesce(cast(workplace_municipality as TEXT), '_dbt_utils_surrogate_key_null_') as TEXT)) as employer_id,
    employer_workplace,
    workplace_municipality,
    max(employer_name) as employer_name,
    max(employer_organization_number) as employer_organization_number,
    max(workplace_street_address) as workplace_street_address,
    max(workplace_region) as workplace_region,
    max(workplace_postcode) as workplace_postcode,
    max(workplace_city) as workplace_city,
    max(workplace_country) as workplace_country
from src_employer
group by employer_workplace, workplace_municipality
    )

/* {"app": "dbt", "dbt_version": "1.12.5", "profile_name": "dbt_snowflake", "target_name": "dev", "node_id": "model.dbt_code.dim_employer"} */;
[0m12:58:48.112346 [debug] [Thread-2 (]: Opening a new connection, currently in state init
[0m12:58:48.450041 [debug] [Thread-2 (]: Snowflake adapter: Snowflake query id: 01c78672-0000-7510-0000-4479000bcebe
[0m12:58:48.450470 [debug] [Thread-2 (]: Snowflake adapter: Snowflake error: 002028 (42601): SQL compilation error:
ambiguous column name 'WORKPLACE_CITY'
[0m12:58:48.456043 [debug] [Thread-2 (]: Database Error in model dim_employer (models\dim\dim_employer.sql)
  002028 (42601): SQL compilation error:
  ambiguous column name 'WORKPLACE_CITY'
  compiled code at target\run\dbt_code\models\dim\dim_employer.sql
[0m12:58:48.458384 [debug] [Thread-2 (]: Sending event: {'category': 'dbt', 'action': 'run_model', 'label': '17721476-fb8f-4a54-a775-97fa2f56cd95', 'context': [<snowplow_tracker.self_describing_json.SelfDescribingJson object at 0x000001DBC8391FF0>]}
[0m12:58:48.459040 [error] [Thread-2 (]: 1 of 14 ERROR creating sql table model warehouse.dim_employer .................. [[31mERROR[0m in 0.39s]
[0m12:58:48.459807 [debug] [Thread-2 (]: Finished running node model.dbt_code.dim_employer
[0m12:58:48.460222 [debug] [Thread-2 (]: Began running node model.dbt_code.fct_job_ads
[0m12:58:48.461172 [debug] [Thread-5 (]: Marking all children of 'model.dbt_code.dim_employer' to be skipped because of status 'error'.  Reason: Database Error in model dim_employer (models\dim\dim_employer.sql)
  002028 (42601): SQL compilation error:
  ambiguous column name 'WORKPLACE_CITY'
  compiled code at target\run\dbt_code\models\dim\dim_employer.sql.
[0m12:58:48.460688 [info ] [Thread-2 (]: 2 of 14 START sql table model warehouse.fct_job_ads ............................ [RUN]
[0m12:58:48.462129 [debug] [Thread-2 (]: Re-using an available connection from the pool (formerly model.dbt_code.dim_employer, now model.dbt_code.fct_job_ads)
[0m12:58:48.462500 [debug] [Thread-2 (]: Began compiling node model.dbt_code.fct_job_ads
[0m12:58:48.472348 [debug] [Thread-2 (]: Writing injected SQL for node "model.dbt_code.fct_job_ads"
[0m12:58:48.473708 [debug] [Thread-2 (]: Began executing node model.dbt_code.fct_job_ads
[0m12:58:48.475734 [debug] [Thread-2 (]: Writing runtime sql for node "model.dbt_code.fct_job_ads"
[0m12:58:48.478266 [debug] [Thread-2 (]: Using snowflake connection "model.dbt_code.fct_job_ads"
[0m12:58:48.478739 [debug] [Thread-2 (]: On model.dbt_code.fct_job_ads: create or replace transient table job_ads.warehouse.fct_job_ads
    
    
    
    
    

    as (-- this is an extract of the model

with  __dbt__cte__src_job_ads as (
-- this is an extract of the model

with stg_job_ads as (select * from job_ads.staging.technical_field_job_ads)

select
    id,
    occupation__label,
    employer__workplace,
    workplace_address__municipality,
    number_of_vacancies as vacancies,
    relevance,
    application_deadline
from stg_job_ads
), job_ads as (select * from __dbt__cte__src_job_ads)

select
    md5(cast(coalesce(cast(occupation__label as TEXT), '_dbt_utils_surrogate_key_null_') as TEXT)) as occupation_id,
    md5(cast(coalesce(cast(employer__workplace as TEXT), '_dbt_utils_surrogate_key_null_') || '-' || coalesce(cast(workplace_address__municipality as TEXT), '_dbt_utils_surrogate_key_null_') as TEXT)) as employer_id,
    md5(cast(coalesce(cast(id as TEXT), '_dbt_utils_surrogate_key_null_') as TEXT)) as job_details_id,
    md5(cast(coalesce(cast(id as TEXT), '_dbt_utils_surrogate_key_null_') as TEXT)) as auxilliary_attributes_id,
    vacancies,
    relevance,
    application_deadline
from job_ads
    )

/* {"app": "dbt", "dbt_version": "1.12.5", "profile_name": "dbt_snowflake", "target_name": "dev", "node_id": "model.dbt_code.fct_job_ads"} */;
[0m12:58:51.129177 [debug] [Thread-2 (]: SQL status: SUCCESS 100 in 2.650 seconds
[0m12:58:51.149153 [debug] [Thread-2 (]: Sending event: {'category': 'dbt', 'action': 'run_model', 'label': '17721476-fb8f-4a54-a775-97fa2f56cd95', 'context': [<snowplow_tracker.self_describing_json.SelfDescribingJson object at 0x000001DBC6D72170>]}
[0m12:58:51.149725 [info ] [Thread-2 (]: 2 of 14 OK created sql table model warehouse.fct_job_ads ....................... [[32mSUCCESS 100[0m in 2.69s]
[0m12:58:51.150468 [debug] [Thread-2 (]: Finished running node model.dbt_code.fct_job_ads
[0m12:58:51.150872 [debug] [Thread-2 (]: Began running node model.dbt_code.dim_occupation
[0m12:58:51.151317 [info ] [Thread-2 (]: 3 of 14 START sql table model warehouse.dim_occupation ......................... [RUN]
[0m12:58:51.151894 [debug] [Thread-2 (]: Re-using an available connection from the pool (formerly model.dbt_code.fct_job_ads, now model.dbt_code.dim_occupation)
[0m12:58:51.152262 [debug] [Thread-2 (]: Began compiling node model.dbt_code.dim_occupation
[0m12:58:51.156725 [debug] [Thread-2 (]: Writing injected SQL for node "model.dbt_code.dim_occupation"
[0m12:58:51.157788 [debug] [Thread-2 (]: Began executing node model.dbt_code.dim_occupation
[0m12:58:51.160045 [debug] [Thread-2 (]: Writing runtime sql for node "model.dbt_code.dim_occupation"
[0m12:58:51.161560 [debug] [Thread-2 (]: Using snowflake connection "model.dbt_code.dim_occupation"
[0m12:58:51.161975 [debug] [Thread-2 (]: On model.dbt_code.dim_occupation: create or replace transient table job_ads.warehouse.dim_occupation
    
    
    
    
    

    as (with  __dbt__cte__src_occupation as (
with stg_job_ads as (select * from job_ads.staging.technical_field_job_ads)

select
    occupation_group__concept_id as occupation_group_id,
    occupation_field__concept_id as occupation_field_id,
    occupation__label as occupation,
    occupation_group__label as occupation_group,
    occupation_field__label as occupation_field
from stg_job_ads
), src_occupation as (select * from __dbt__cte__src_occupation)

-- we use aggregate function max() for deduplicate, but there are more alternative codes one can use for this purpose
select
    md5(cast(coalesce(cast(occupation as TEXT), '_dbt_utils_surrogate_key_null_') as TEXT)) as occupation_id,
    occupation,
    max(occupation_group) as occupation_group,
    max(occupation_field) as occupation_field
from src_occupation
group by occupation
    )

/* {"app": "dbt", "dbt_version": "1.12.5", "profile_name": "dbt_snowflake", "target_name": "dev", "node_id": "model.dbt_code.dim_occupation"} */;
[0m12:58:51.624093 [debug] [Thread-2 (]: SQL status: SUCCESS 58 in 0.462 seconds
[0m12:58:51.628881 [debug] [Thread-2 (]: Sending event: {'category': 'dbt', 'action': 'run_model', 'label': '17721476-fb8f-4a54-a775-97fa2f56cd95', 'context': [<snowplow_tracker.self_describing_json.SelfDescribingJson object at 0x000001DBC82D9AD0>]}
[0m12:58:51.630237 [info ] [Thread-2 (]: 3 of 14 OK created sql table model warehouse.dim_occupation .................... [[32mSUCCESS 58[0m in 0.48s]
[0m12:58:51.632040 [debug] [Thread-2 (]: Finished running node model.dbt_code.dim_occupation
[0m12:58:51.633109 [debug] [Thread-2 (]: Began running node test.dbt_code.not_null_dim_employer_employer_id.e65273903e
[0m12:58:51.634480 [info ] [Thread-2 (]: 4 of 14 SKIP test not_null_dim_employer_employer_id ............................ [[33mSKIP[0m]
[0m12:58:51.635830 [debug] [Thread-2 (]: Finished running node test.dbt_code.not_null_dim_employer_employer_id.e65273903e
[0m12:58:51.636844 [debug] [Thread-2 (]: Began running node test.dbt_code.not_null_dim_employer_workplace_city.0a26a4b590
[0m12:58:51.637730 [debug] [Thread-5 (]: Marking all children of 'test.dbt_code.not_null_dim_employer_employer_id.e65273903e' to be skipped because of status 'skipped'. 
[0m12:58:51.638781 [info ] [Thread-2 (]: 5 of 14 SKIP test not_null_dim_employer_workplace_city ......................... [[33mSKIP[0m]
[0m12:58:51.640279 [debug] [Thread-2 (]: Finished running node test.dbt_code.not_null_dim_employer_workplace_city.0a26a4b590
[0m12:58:51.641300 [debug] [Thread-2 (]: Began running node test.dbt_code.unique_dim_employer_employer_id.bb6a67e72f
[0m12:58:51.642166 [debug] [Thread-5 (]: Marking all children of 'test.dbt_code.not_null_dim_employer_workplace_city.0a26a4b590' to be skipped because of status 'skipped'. 
[0m12:58:51.643208 [info ] [Thread-2 (]: 6 of 14 SKIP test unique_dim_employer_employer_id .............................. [[33mSKIP[0m]
[0m12:58:51.644692 [debug] [Thread-2 (]: Finished running node test.dbt_code.unique_dim_employer_employer_id.bb6a67e72f
[0m12:58:51.645894 [debug] [Thread-2 (]: Began running node test.dbt_code.dbt_expectations_expect_column_max_to_be_between_fct_job_ads_vacancies__20__1.1cdc5766cb
[0m12:58:51.646799 [debug] [Thread-5 (]: Marking all children of 'test.dbt_code.unique_dim_employer_employer_id.bb6a67e72f' to be skipped because of status 'skipped'. 
[0m12:58:51.647825 [info ] [Thread-2 (]: 7 of 14 START test dbt_expectations_expect_column_max_to_be_between_fct_job_ads_vacancies__20__1  [RUN]
[0m12:58:51.649075 [debug] [Thread-2 (]: Re-using an available connection from the pool (formerly model.dbt_code.dim_occupation, now test.dbt_code.dbt_expectations_expect_column_max_to_be_between_fct_job_ads_vacancies__20__1.1cdc5766cb)
[0m12:58:51.649902 [debug] [Thread-2 (]: Began compiling node test.dbt_code.dbt_expectations_expect_column_max_to_be_between_fct_job_ads_vacancies__20__1.1cdc5766cb
[0m12:58:51.660446 [debug] [Thread-2 (]: Writing injected SQL for node "test.dbt_code.dbt_expectations_expect_column_max_to_be_between_fct_job_ads_vacancies__20__1.1cdc5766cb"
[0m12:58:51.662687 [debug] [Thread-2 (]: Began executing node test.dbt_code.dbt_expectations_expect_column_max_to_be_between_fct_job_ads_vacancies__20__1.1cdc5766cb
[0m12:58:51.681397 [debug] [Thread-2 (]: Writing runtime sql for node "test.dbt_code.dbt_expectations_expect_column_max_to_be_between_fct_job_ads_vacancies__20__1.1cdc5766cb"
[0m12:58:51.683065 [debug] [Thread-2 (]: Using snowflake connection "test.dbt_code.dbt_expectations_expect_column_max_to_be_between_fct_job_ads_vacancies__20__1.1cdc5766cb"
[0m12:58:51.683480 [debug] [Thread-2 (]: On test.dbt_code.dbt_expectations_expect_column_max_to_be_between_fct_job_ads_vacancies__20__1.1cdc5766cb: select
      count(*) as failures,
      count(*) != 0 as should_warn,
      count(*) != 0 as should_error
    from (
      
    
  




    with grouped_expression as (
    select
        
        
    
  
( 1=1 and max(vacancies) >= 1 and max(vacancies) <= 20
)
 as expression


    from job_ads.warehouse.fct_job_ads
    

),
validation_errors as (

    select
        *
    from
        grouped_expression
    where
        not(expression = true)

)

select *
from validation_errors






  
  
      
    ) dbt_internal_test
/* {"app": "dbt", "dbt_version": "1.12.5", "profile_name": "dbt_snowflake", "target_name": "dev", "node_id": "test.dbt_code.dbt_expectations_expect_column_max_to_be_between_fct_job_ads_vacancies__20__1.1cdc5766cb"} */
[0m12:58:51.795627 [debug] [Thread-2 (]: SQL status: SUCCESS 1 in 0.112 seconds
[0m12:58:51.799711 [info ] [Thread-2 (]: 7 of 14 PASS dbt_expectations_expect_column_max_to_be_between_fct_job_ads_vacancies__20__1  [[32mPASS[0m in 0.15s]
[0m12:58:51.800643 [debug] [Thread-2 (]: Finished running node test.dbt_code.dbt_expectations_expect_column_max_to_be_between_fct_job_ads_vacancies__20__1.1cdc5766cb
[0m12:58:51.801150 [debug] [Thread-2 (]: Began running node test.dbt_code.dbt_expectations_expect_column_quantile_values_to_be_between_fct_job_ads_vacancies__20__1__0_99.0d1d0fc189
[0m12:58:51.801659 [info ] [Thread-2 (]: 8 of 14 START test dbt_expectations_expect_column_quantile_values_to_be_between_fct_job_ads_vacancies__20__1__0_99  [RUN]
[0m12:58:51.802381 [debug] [Thread-2 (]: Re-using an available connection from the pool (formerly test.dbt_code.dbt_expectations_expect_column_max_to_be_between_fct_job_ads_vacancies__20__1.1cdc5766cb, now test.dbt_code.dbt_expectations_expect_column_quantile_values_to_be_between_fct_job_ads_vacancies__20__1__0_99.0d1d0fc189)
[0m12:58:51.802857 [debug] [Thread-2 (]: Began compiling node test.dbt_code.dbt_expectations_expect_column_quantile_values_to_be_between_fct_job_ads_vacancies__20__1__0_99.0d1d0fc189
[0m12:58:51.812066 [debug] [Thread-2 (]: Writing injected SQL for node "test.dbt_code.dbt_expectations_expect_column_quantile_values_to_be_between_fct_job_ads_vacancies__20__1__0_99.0d1d0fc189"
[0m12:58:51.813341 [debug] [Thread-2 (]: Began executing node test.dbt_code.dbt_expectations_expect_column_quantile_values_to_be_between_fct_job_ads_vacancies__20__1__0_99.0d1d0fc189
[0m12:58:51.814986 [debug] [Thread-2 (]: Writing runtime sql for node "test.dbt_code.dbt_expectations_expect_column_quantile_values_to_be_between_fct_job_ads_vacancies__20__1__0_99.0d1d0fc189"
[0m12:58:51.816706 [debug] [Thread-2 (]: Using snowflake connection "test.dbt_code.dbt_expectations_expect_column_quantile_values_to_be_between_fct_job_ads_vacancies__20__1__0_99.0d1d0fc189"
[0m12:58:51.817110 [debug] [Thread-2 (]: On test.dbt_code.dbt_expectations_expect_column_quantile_values_to_be_between_fct_job_ads_vacancies__20__1__0_99.0d1d0fc189: select
      count(*) as failures,
      count(*) != 0 as should_warn,
      count(*) != 0 as should_error
    from (
      
    
  





    with grouped_expression as (
    select
        
        
    
  
( 1=1 and percentile_cont(0.99) within group (order by vacancies) >= 1 and percentile_cont(0.99) within group (order by vacancies) <= 20
)
 as expression


    from job_ads.warehouse.fct_job_ads
    

),
validation_errors as (

    select
        *
    from
        grouped_expression
    where
        not(expression = true)

)

select *
from validation_errors






  
  
      
    ) dbt_internal_test
/* {"app": "dbt", "dbt_version": "1.12.5", "profile_name": "dbt_snowflake", "target_name": "dev", "node_id": "test.dbt_code.dbt_expectations_expect_column_quantile_values_to_be_between_fct_job_ads_vacancies__20__1__0_99.0d1d0fc189"} */
[0m12:58:51.895731 [debug] [Thread-2 (]: SQL status: SUCCESS 1 in 0.078 seconds
[0m12:58:51.898000 [info ] [Thread-2 (]: 8 of 14 PASS dbt_expectations_expect_column_quantile_values_to_be_between_fct_job_ads_vacancies__20__1__0_99  [[32mPASS[0m in 0.10s]
[0m12:58:51.898857 [debug] [Thread-2 (]: Finished running node test.dbt_code.dbt_expectations_expect_column_quantile_values_to_be_between_fct_job_ads_vacancies__20__1__0_99.0d1d0fc189
[0m12:58:51.899266 [debug] [Thread-2 (]: Began running node test.dbt_code.dbt_expectations_expect_column_values_to_be_between_fct_job_ads_relevance__1__0.c2868257fd
[0m12:58:51.899626 [info ] [Thread-2 (]: 9 of 14 START test dbt_expectations_expect_column_values_to_be_between_fct_job_ads_relevance__1__0  [RUN]
[0m12:58:51.900208 [debug] [Thread-2 (]: Re-using an available connection from the pool (formerly test.dbt_code.dbt_expectations_expect_column_quantile_values_to_be_between_fct_job_ads_vacancies__20__1__0_99.0d1d0fc189, now test.dbt_code.dbt_expectations_expect_column_values_to_be_between_fct_job_ads_relevance__1__0.c2868257fd)
[0m12:58:51.900592 [debug] [Thread-2 (]: Began compiling node test.dbt_code.dbt_expectations_expect_column_values_to_be_between_fct_job_ads_relevance__1__0.c2868257fd
[0m12:58:51.906765 [debug] [Thread-2 (]: Writing injected SQL for node "test.dbt_code.dbt_expectations_expect_column_values_to_be_between_fct_job_ads_relevance__1__0.c2868257fd"
[0m12:58:51.909741 [debug] [Thread-2 (]: Began executing node test.dbt_code.dbt_expectations_expect_column_values_to_be_between_fct_job_ads_relevance__1__0.c2868257fd
[0m12:58:51.911844 [debug] [Thread-2 (]: Writing runtime sql for node "test.dbt_code.dbt_expectations_expect_column_values_to_be_between_fct_job_ads_relevance__1__0.c2868257fd"
[0m12:58:51.913742 [debug] [Thread-2 (]: Using snowflake connection "test.dbt_code.dbt_expectations_expect_column_values_to_be_between_fct_job_ads_relevance__1__0.c2868257fd"
[0m12:58:51.914231 [debug] [Thread-2 (]: On test.dbt_code.dbt_expectations_expect_column_values_to_be_between_fct_job_ads_relevance__1__0.c2868257fd: select
      count(*) as failures,
      count(*) != 0 as should_warn,
      count(*) != 0 as should_error
    from (
      
    
  






    with grouped_expression as (
    select
        
        
    
  
( 1=1 and relevance >= 0 and relevance <= 1
)
 as expression


    from job_ads.warehouse.fct_job_ads
    

),
validation_errors as (

    select
        *
    from
        grouped_expression
    where
        not(expression = true)

)

select *
from validation_errors








  
  
      
    ) dbt_internal_test
/* {"app": "dbt", "dbt_version": "1.12.5", "profile_name": "dbt_snowflake", "target_name": "dev", "node_id": "test.dbt_code.dbt_expectations_expect_column_values_to_be_between_fct_job_ads_relevance__1__0.c2868257fd"} */
[0m12:58:51.986119 [debug] [Thread-2 (]: SQL status: SUCCESS 1 in 0.071 seconds
[0m12:58:51.988082 [info ] [Thread-2 (]: 9 of 14 PASS dbt_expectations_expect_column_values_to_be_between_fct_job_ads_relevance__1__0  [[32mPASS[0m in 0.09s]
[0m12:58:51.988908 [debug] [Thread-2 (]: Finished running node test.dbt_code.dbt_expectations_expect_column_values_to_be_between_fct_job_ads_relevance__1__0.c2868257fd
[0m12:58:51.989311 [debug] [Thread-2 (]: Began running node test.dbt_code.dbt_expectations_expect_column_values_to_be_of_type_fct_job_ads_relevance__float.a761526467
[0m12:58:51.989690 [info ] [Thread-2 (]: 10 of 14 START test dbt_expectations_expect_column_values_to_be_of_type_fct_job_ads_relevance__float  [RUN]
[0m12:58:51.990271 [debug] [Thread-2 (]: Re-using an available connection from the pool (formerly test.dbt_code.dbt_expectations_expect_column_values_to_be_between_fct_job_ads_relevance__1__0.c2868257fd, now test.dbt_code.dbt_expectations_expect_column_values_to_be_of_type_fct_job_ads_relevance__float.a761526467)
[0m12:58:51.990654 [debug] [Thread-2 (]: Began compiling node test.dbt_code.dbt_expectations_expect_column_values_to_be_of_type_fct_job_ads_relevance__float.a761526467
[0m12:58:52.002311 [debug] [Thread-2 (]: Using snowflake connection "test.dbt_code.dbt_expectations_expect_column_values_to_be_of_type_fct_job_ads_relevance__float.a761526467"
[0m12:58:52.002748 [debug] [Thread-2 (]: On test.dbt_code.dbt_expectations_expect_column_values_to_be_of_type_fct_job_ads_relevance__float.a761526467: describe table job_ads.warehouse.fct_job_ads
/* {"app": "dbt", "dbt_version": "1.12.5", "profile_name": "dbt_snowflake", "target_name": "dev", "node_id": "test.dbt_code.dbt_expectations_expect_column_values_to_be_of_type_fct_job_ads_relevance__float.a761526467"} */
[0m12:58:52.044510 [debug] [Thread-2 (]: SQL status: SUCCESS 7 in 0.041 seconds
[0m12:58:52.050646 [debug] [Thread-2 (]: Writing injected SQL for node "test.dbt_code.dbt_expectations_expect_column_values_to_be_of_type_fct_job_ads_relevance__float.a761526467"
[0m12:58:52.051686 [debug] [Thread-2 (]: Began executing node test.dbt_code.dbt_expectations_expect_column_values_to_be_of_type_fct_job_ads_relevance__float.a761526467
[0m12:58:52.053426 [debug] [Thread-2 (]: Writing runtime sql for node "test.dbt_code.dbt_expectations_expect_column_values_to_be_of_type_fct_job_ads_relevance__float.a761526467"
[0m12:58:52.055535 [debug] [Thread-2 (]: Using snowflake connection "test.dbt_code.dbt_expectations_expect_column_values_to_be_of_type_fct_job_ads_relevance__float.a761526467"
[0m12:58:52.055997 [debug] [Thread-2 (]: On test.dbt_code.dbt_expectations_expect_column_values_to_be_of_type_fct_job_ads_relevance__float.a761526467: select
      count(*) as failures,
      count(*) != 0 as should_warn,
      count(*) != 0 as should_error
    from (
      
    
  with relation_columns as (

        
        select
            cast('OCCUPATION_ID' as TEXT) as relation_column,
            cast('VARCHAR' as TEXT) as relation_column_type
        union all
        
        select
            cast('EMPLOYER_ID' as TEXT) as relation_column,
            cast('VARCHAR' as TEXT) as relation_column_type
        union all
        
        select
            cast('JOB_DETAILS_ID' as TEXT) as relation_column,
            cast('VARCHAR' as TEXT) as relation_column_type
        union all
        
        select
            cast('AUXILLIARY_ATTRIBUTES_ID' as TEXT) as relation_column,
            cast('VARCHAR' as TEXT) as relation_column_type
        union all
        
        select
            cast('VACANCIES' as TEXT) as relation_column,
            cast('NUMBER' as TEXT) as relation_column_type
        union all
        
        select
            cast('RELEVANCE' as TEXT) as relation_column,
            cast('FLOAT' as TEXT) as relation_column_type
        union all
        
        select
            cast('APPLICATION_DEADLINE' as TEXT) as relation_column,
            cast('TIMESTAMP_TZ' as TEXT) as relation_column_type
        
        
    ),
    test_data as (

        select
            *
        from
            relation_columns
        where
            relation_column = 'RELEVANCE'
            and
            relation_column_type not in ('FLOAT')

    )
    select *
    from test_data
  
  
      
    ) dbt_internal_test
/* {"app": "dbt", "dbt_version": "1.12.5", "profile_name": "dbt_snowflake", "target_name": "dev", "node_id": "test.dbt_code.dbt_expectations_expect_column_values_to_be_of_type_fct_job_ads_relevance__float.a761526467"} */
[0m12:58:52.125304 [debug] [Thread-2 (]: SQL status: SUCCESS 1 in 0.069 seconds
[0m12:58:52.127122 [info ] [Thread-2 (]: 10 of 14 PASS dbt_expectations_expect_column_values_to_be_of_type_fct_job_ads_relevance__float  [[32mPASS[0m in 0.14s]
[0m12:58:52.128066 [debug] [Thread-2 (]: Finished running node test.dbt_code.dbt_expectations_expect_column_values_to_be_of_type_fct_job_ads_relevance__float.a761526467
[0m12:58:52.128582 [debug] [Thread-2 (]: Began running node test.dbt_code.dbt_expectations_expect_column_values_to_be_of_type_fct_job_ads_vacancies__number.e496ae5405
[0m12:58:52.128938 [info ] [Thread-2 (]: 11 of 14 START test dbt_expectations_expect_column_values_to_be_of_type_fct_job_ads_vacancies__number  [RUN]
[0m12:58:52.129492 [debug] [Thread-2 (]: Re-using an available connection from the pool (formerly test.dbt_code.dbt_expectations_expect_column_values_to_be_of_type_fct_job_ads_relevance__float.a761526467, now test.dbt_code.dbt_expectations_expect_column_values_to_be_of_type_fct_job_ads_vacancies__number.e496ae5405)
[0m12:58:52.129881 [debug] [Thread-2 (]: Began compiling node test.dbt_code.dbt_expectations_expect_column_values_to_be_of_type_fct_job_ads_vacancies__number.e496ae5405
[0m12:58:52.136771 [debug] [Thread-2 (]: Using snowflake connection "test.dbt_code.dbt_expectations_expect_column_values_to_be_of_type_fct_job_ads_vacancies__number.e496ae5405"
[0m12:58:52.137180 [debug] [Thread-2 (]: On test.dbt_code.dbt_expectations_expect_column_values_to_be_of_type_fct_job_ads_vacancies__number.e496ae5405: describe table job_ads.warehouse.fct_job_ads
/* {"app": "dbt", "dbt_version": "1.12.5", "profile_name": "dbt_snowflake", "target_name": "dev", "node_id": "test.dbt_code.dbt_expectations_expect_column_values_to_be_of_type_fct_job_ads_vacancies__number.e496ae5405"} */
[0m12:58:52.177941 [debug] [Thread-2 (]: SQL status: SUCCESS 7 in 0.040 seconds
[0m12:58:52.191231 [debug] [Thread-2 (]: Writing injected SQL for node "test.dbt_code.dbt_expectations_expect_column_values_to_be_of_type_fct_job_ads_vacancies__number.e496ae5405"
[0m12:58:52.193670 [debug] [Thread-2 (]: Began executing node test.dbt_code.dbt_expectations_expect_column_values_to_be_of_type_fct_job_ads_vacancies__number.e496ae5405
[0m12:58:52.197030 [debug] [Thread-2 (]: Writing runtime sql for node "test.dbt_code.dbt_expectations_expect_column_values_to_be_of_type_fct_job_ads_vacancies__number.e496ae5405"
[0m12:58:52.200381 [debug] [Thread-2 (]: Using snowflake connection "test.dbt_code.dbt_expectations_expect_column_values_to_be_of_type_fct_job_ads_vacancies__number.e496ae5405"
[0m12:58:52.201123 [debug] [Thread-2 (]: On test.dbt_code.dbt_expectations_expect_column_values_to_be_of_type_fct_job_ads_vacancies__number.e496ae5405: select
      count(*) as failures,
      count(*) != 0 as should_warn,
      count(*) != 0 as should_error
    from (
      
    
  with relation_columns as (

        
        select
            cast('OCCUPATION_ID' as TEXT) as relation_column,
            cast('VARCHAR' as TEXT) as relation_column_type
        union all
        
        select
            cast('EMPLOYER_ID' as TEXT) as relation_column,
            cast('VARCHAR' as TEXT) as relation_column_type
        union all
        
        select
            cast('JOB_DETAILS_ID' as TEXT) as relation_column,
            cast('VARCHAR' as TEXT) as relation_column_type
        union all
        
        select
            cast('AUXILLIARY_ATTRIBUTES_ID' as TEXT) as relation_column,
            cast('VARCHAR' as TEXT) as relation_column_type
        union all
        
        select
            cast('VACANCIES' as TEXT) as relation_column,
            cast('NUMBER' as TEXT) as relation_column_type
        union all
        
        select
            cast('RELEVANCE' as TEXT) as relation_column,
            cast('FLOAT' as TEXT) as relation_column_type
        union all
        
        select
            cast('APPLICATION_DEADLINE' as TEXT) as relation_column,
            cast('TIMESTAMP_TZ' as TEXT) as relation_column_type
        
        
    ),
    test_data as (

        select
            *
        from
            relation_columns
        where
            relation_column = 'VACANCIES'
            and
            relation_column_type not in ('NUMBER')

    )
    select *
    from test_data
  
  
      
    ) dbt_internal_test
/* {"app": "dbt", "dbt_version": "1.12.5", "profile_name": "dbt_snowflake", "target_name": "dev", "node_id": "test.dbt_code.dbt_expectations_expect_column_values_to_be_of_type_fct_job_ads_vacancies__number.e496ae5405"} */
[0m12:58:52.273354 [debug] [Thread-2 (]: SQL status: SUCCESS 1 in 0.071 seconds
[0m12:58:52.280854 [info ] [Thread-2 (]: 11 of 14 PASS dbt_expectations_expect_column_values_to_be_of_type_fct_job_ads_vacancies__number  [[32mPASS[0m in 0.15s]
[0m12:58:52.283564 [debug] [Thread-2 (]: Finished running node test.dbt_code.dbt_expectations_expect_column_values_to_be_of_type_fct_job_ads_vacancies__number.e496ae5405
[0m12:58:52.285397 [debug] [Thread-2 (]: Began running node test.dbt_code.not_null_fct_job_ads_workplace_city.98e05b443c
[0m12:58:52.286917 [info ] [Thread-2 (]: 12 of 14 START test not_null_fct_job_ads_workplace_city ........................ [RUN]
[0m12:58:52.288505 [debug] [Thread-2 (]: Re-using an available connection from the pool (formerly test.dbt_code.dbt_expectations_expect_column_values_to_be_of_type_fct_job_ads_vacancies__number.e496ae5405, now test.dbt_code.not_null_fct_job_ads_workplace_city.98e05b443c)
[0m12:58:52.289521 [debug] [Thread-2 (]: Began compiling node test.dbt_code.not_null_fct_job_ads_workplace_city.98e05b443c
[0m12:58:52.309065 [debug] [Thread-2 (]: Writing injected SQL for node "test.dbt_code.not_null_fct_job_ads_workplace_city.98e05b443c"
[0m12:58:52.310747 [debug] [Thread-2 (]: Began executing node test.dbt_code.not_null_fct_job_ads_workplace_city.98e05b443c
[0m12:58:52.313172 [debug] [Thread-2 (]: Writing runtime sql for node "test.dbt_code.not_null_fct_job_ads_workplace_city.98e05b443c"
[0m12:58:52.314512 [debug] [Thread-2 (]: Using snowflake connection "test.dbt_code.not_null_fct_job_ads_workplace_city.98e05b443c"
[0m12:58:52.314899 [debug] [Thread-2 (]: On test.dbt_code.not_null_fct_job_ads_workplace_city.98e05b443c: select
      count(*) as failures,
      count(*) != 0 as should_warn,
      count(*) != 0 as should_error
    from (
      
    
  
    
    



select workplace_city
from job_ads.warehouse.fct_job_ads
where workplace_city is null



  
  
      
    ) dbt_internal_test
/* {"app": "dbt", "dbt_version": "1.12.5", "profile_name": "dbt_snowflake", "target_name": "dev", "node_id": "test.dbt_code.not_null_fct_job_ads_workplace_city.98e05b443c"} */
[0m12:58:52.391271 [debug] [Thread-2 (]: Snowflake adapter: Snowflake query id: 01c78672-0000-7510-0000-4479000bcee6
[0m12:58:52.391981 [debug] [Thread-2 (]: Snowflake adapter: Snowflake error: 000904 (42000): SQL compilation error: error line 14 at position 7
invalid identifier 'WORKPLACE_CITY'
[0m12:58:52.398845 [debug] [Thread-2 (]: Database Error in test not_null_fct_job_ads_workplace_city (models\schema.yml)
  000904 (42000): SQL compilation error: error line 14 at position 7
  invalid identifier 'WORKPLACE_CITY'
  compiled code at target\run\dbt_code\models\schema.yml\not_null_fct_job_ads_workplace_city.sql
[0m12:58:52.399350 [error] [Thread-2 (]: 12 of 14 ERROR not_null_fct_job_ads_workplace_city ............................. [[31mERROR[0m in 0.11s]
[0m12:58:52.400051 [debug] [Thread-2 (]: Finished running node test.dbt_code.not_null_fct_job_ads_workplace_city.98e05b443c
[0m12:58:52.400461 [debug] [Thread-2 (]: Began running node test.dbt_code.relationships_fct_job_ads_occupation_id__occupation_id__ref_dim_occupation_.a8eda44378
[0m12:58:52.400985 [debug] [Thread-5 (]: Marking all children of 'test.dbt_code.not_null_fct_job_ads_workplace_city.98e05b443c' to be skipped because of status 'error'.  Reason: Database Error in test not_null_fct_job_ads_workplace_city (models\schema.yml)
  000904 (42000): SQL compilation error: error line 14 at position 7
  invalid identifier 'WORKPLACE_CITY'
  compiled code at target\run\dbt_code\models\schema.yml\not_null_fct_job_ads_workplace_city.sql.
[0m12:58:52.401413 [info ] [Thread-2 (]: 13 of 14 START test relationships_fct_job_ads_occupation_id__occupation_id__ref_dim_occupation_  [RUN]
[0m12:58:52.402015 [debug] [Thread-2 (]: Re-using an available connection from the pool (formerly test.dbt_code.not_null_fct_job_ads_workplace_city.98e05b443c, now test.dbt_code.relationships_fct_job_ads_occupation_id__occupation_id__ref_dim_occupation_.a8eda44378)
[0m12:58:52.402390 [debug] [Thread-2 (]: Began compiling node test.dbt_code.relationships_fct_job_ads_occupation_id__occupation_id__ref_dim_occupation_.a8eda44378
[0m12:58:52.412762 [debug] [Thread-2 (]: Writing injected SQL for node "test.dbt_code.relationships_fct_job_ads_occupation_id__occupation_id__ref_dim_occupation_.a8eda44378"
[0m12:58:52.413895 [debug] [Thread-2 (]: Began executing node test.dbt_code.relationships_fct_job_ads_occupation_id__occupation_id__ref_dim_occupation_.a8eda44378
[0m12:58:52.415609 [debug] [Thread-2 (]: Writing runtime sql for node "test.dbt_code.relationships_fct_job_ads_occupation_id__occupation_id__ref_dim_occupation_.a8eda44378"
[0m12:58:52.417400 [debug] [Thread-2 (]: Using snowflake connection "test.dbt_code.relationships_fct_job_ads_occupation_id__occupation_id__ref_dim_occupation_.a8eda44378"
[0m12:58:52.417864 [debug] [Thread-2 (]: On test.dbt_code.relationships_fct_job_ads_occupation_id__occupation_id__ref_dim_occupation_.a8eda44378: select
      count(*) as failures,
      count(*) != 0 as should_warn,
      count(*) != 0 as should_error
    from (
      
    
  
    
    

with child as (
    select occupation_id as from_field
    from job_ads.warehouse.fct_job_ads
    where occupation_id is not null
),

parent as (
    select occupation_id as to_field
    from job_ads.warehouse.dim_occupation
)

select
    from_field

from child
left join parent
    on child.from_field = parent.to_field

where parent.to_field is null



  
  
      
    ) dbt_internal_test
/* {"app": "dbt", "dbt_version": "1.12.5", "profile_name": "dbt_snowflake", "target_name": "dev", "node_id": "test.dbt_code.relationships_fct_job_ads_occupation_id__occupation_id__ref_dim_occupation_.a8eda44378"} */
[0m12:58:52.560882 [debug] [Thread-2 (]: SQL status: SUCCESS 1 in 0.143 seconds
[0m12:58:52.562685 [info ] [Thread-2 (]: 13 of 14 PASS relationships_fct_job_ads_occupation_id__occupation_id__ref_dim_occupation_  [[32mPASS[0m in 0.16s]
[0m12:58:52.563426 [debug] [Thread-2 (]: Finished running node test.dbt_code.relationships_fct_job_ads_occupation_id__occupation_id__ref_dim_occupation_.a8eda44378
[0m12:58:52.564088 [debug] [Thread-2 (]: Began running node model.dbt_code.mart_technical_jobs
[0m12:58:52.564495 [info ] [Thread-2 (]: 14 of 14 SKIP relation marts.mart_technical_jobs ............................... [[33mSKIP[0m]
[0m12:58:52.565069 [debug] [Thread-2 (]: Finished running node model.dbt_code.mart_technical_jobs
[0m12:58:52.565475 [debug] [Thread-5 (]: Marking all children of 'model.dbt_code.mart_technical_jobs' to be skipped because of status 'skipped'. 
[0m12:58:52.567301 [debug] [MainThread]: Connection 'master' was properly closed.
[0m12:58:52.567601 [debug] [MainThread]: Connection 'list_job_ads' was left open.
[0m12:58:52.567891 [debug] [MainThread]: On list_job_ads: Close
[0m12:58:52.615364 [debug] [MainThread]: Connection 'list_job_ads_warehouse' was left open.
[0m12:58:52.615739 [debug] [MainThread]: On list_job_ads_warehouse: Close
[0m12:58:52.665309 [debug] [MainThread]: Connection 'test.dbt_code.relationships_fct_job_ads_occupation_id__occupation_id__ref_dim_occupation_.a8eda44378' was left open.
[0m12:58:52.665745 [debug] [MainThread]: On test.dbt_code.relationships_fct_job_ads_occupation_id__occupation_id__ref_dim_occupation_.a8eda44378: Close
[0m12:58:52.714517 [info ] [MainThread]: 
[0m12:58:52.715101 [info ] [MainThread]: Finished running 4 table models, 10 data tests in 0 hours 0 minutes and 6.53 seconds (6.53s).
[0m12:58:52.717474 [debug] [MainThread]: Command end result
[0m12:58:52.775155 [debug] [MainThread]: Wrote artifact WritableManifest to C:\Users\Rickard\Documents\github\modern-data-stack-course\14_dagster\data_transformation\target\manifest.json
[0m12:58:52.778296 [debug] [MainThread]: Wrote artifact SemanticManifest to C:\Users\Rickard\Documents\github\modern-data-stack-course\14_dagster\data_transformation\target\semantic_manifest.json
[0m12:58:52.781272 [debug] [MainThread]: Wrote artifact OsiDocument to C:\Users\Rickard\Documents\github\modern-data-stack-course\14_dagster\data_transformation\target\osi_document.json
[0m12:58:52.788583 [debug] [MainThread]: Wrote artifact RunExecutionResult to C:\Users\Rickard\Documents\github\modern-data-stack-course\14_dagster\data_transformation\target\run_results.json
[0m12:58:52.788955 [info ] [MainThread]: 
[0m12:58:52.789463 [info ] [MainThread]: [31mCompleted with 2 errors, 0 partial successes, and 0 warnings:[0m
[0m12:58:52.789934 [info ] [MainThread]: 
[0m12:58:52.790455 [error] [MainThread]: [[31mERROR[0m]: in model dim_employer (models\dim\dim_employer.sql)
[0m12:58:52.790978 [error] [MainThread]:   Database Error in model dim_employer (models\dim\dim_employer.sql)
  002028 (42601): SQL compilation error:
  ambiguous column name 'WORKPLACE_CITY'
  compiled code at target\run\dbt_code\models\dim\dim_employer.sql
[0m12:58:52.791413 [info ] [MainThread]: 
[0m12:58:52.791889 [info ] [MainThread]:   compiled code at target\compiled\dbt_code\models\dim\dim_employer.sql
[0m12:58:52.792322 [info ] [MainThread]: 
[0m12:58:52.792802 [error] [MainThread]: [[31mERROR[0m]: in test not_null_fct_job_ads_workplace_city (models\schema.yml)
[0m12:58:52.793387 [error] [MainThread]:   Database Error in test not_null_fct_job_ads_workplace_city (models\schema.yml)
  000904 (42000): SQL compilation error: error line 14 at position 7
  invalid identifier 'WORKPLACE_CITY'
  compiled code at target\run\dbt_code\models\schema.yml\not_null_fct_job_ads_workplace_city.sql
[0m12:58:52.793810 [info ] [MainThread]: 
[0m12:58:52.794289 [info ] [MainThread]:   compiled code at target\compiled\dbt_code\models\schema.yml\not_null_fct_job_ads_workplace_city.sql
[0m12:58:52.794724 [info ] [MainThread]: 
[0m12:58:52.795165 [info ] [MainThread]: Done. PASS=8 WARN=0 ERROR=2 SKIP=4 NO-OP=0 REUSED=0 TOTAL=14
[0m12:58:52.795797 [warn ] [MainThread]: [[33mWARNING[0m][DeprecationsSummary]: Deprecated functionality
Summary of encountered deprecations:
- MissingArgumentsPropertyInGenericTestDeprecation: 6 occurrences
To see all deprecation instances instead of just the first occurrence of each,
run command again with the `--show-all-deprecations` flag. You may also need to
run with `--no-partial-parse` as some deprecations are only encountered during
parsing.
[0m12:58:52.797374 [debug] [MainThread]: Command `dbt build` failed at 12:58:52.797229 after 13.11 seconds
[0m12:58:52.797880 [debug] [MainThread]: Sending event: {'category': 'dbt', 'action': 'invocation', 'label': 'end', 'context': [<snowplow_tracker.self_describing_json.SelfDescribingJson object at 0x000001DBACBA4280>, <snowplow_tracker.self_describing_json.SelfDescribingJson object at 0x000001DBAC8CBA10>, <snowplow_tracker.self_describing_json.SelfDescribingJson object at 0x000001DBC7FAB530>]}
[0m12:58:52.798240 [debug] [MainThread]: Flushing usage events
[0m12:58:53.644795 [debug] [MainThread]: An error was encountered while trying to flush usage events
[0m14:03:02.954014 [debug] [MainThread]: Sending event: {'category': 'dbt', 'action': 'invocation', 'label': 'start', 'context': [<snowplow_tracker.self_describing_json.SelfDescribingJson object at 0x000002675CC063C0>, <snowplow_tracker.self_describing_json.SelfDescribingJson object at 0x000002675F19BED0>, <snowplow_tracker.self_describing_json.SelfDescribingJson object at 0x000002675F19B9D0>]}


============================== 14:03:02.958798 | 5b917cc2-3169-4ce8-a24c-7a94795c0e37 ==============================
[0m14:03:02.958798 [info ] [MainThread]: Running with dbt=1.12.5
[0m14:03:02.959455 [debug] [MainThread]: running dbt with arguments {'version_check': 'True', 'no_print': 'None', 'maximum_seed_size_mib': '1', 'target_path': 'None', 'warn_error_options': 'WarnErrorOptionsV2(error=[], warn=[], silence=[])', 'static_parser': 'True', 'printer_width': '80', 'write_json': 'True', 'introspect': 'True', 'log_cache_events': 'False', 'empty': 'False', 'cache_selected_only': 'False', 'fail_fast': 'False', 'debug': 'False', 'log_format': 'default', 'partial_parse': 'True', 'send_anonymous_usage_stats': 'True', 'quiet': 'False', 'warn_error': 'None', 'profiles_dir': 'C:\\Users\\Rickard\\.dbt', 'indirect_selection': 'eager', 'hints_enabled': 'True', 'use_colors': 'True', 'use_experimental_parser': 'False', 'invocation_command': 'dbt build', 'log_path': 'C:\\Users\\Rickard\\Documents\\github\\modern-data-stack-course\\14_dagster\\data_transformation\\logs'}
[0m14:03:03.936528 [debug] [MainThread]: Snowflake adapter: Setting snowflake.connector to ERROR (file logging only)
[0m14:03:03.936980 [debug] [MainThread]: Snowflake adapter: Setting botocore to ERROR (file logging only)
[0m14:03:03.937311 [debug] [MainThread]: Snowflake adapter: Setting boto3 to ERROR (file logging only)
[0m14:03:04.310044 [debug] [MainThread]: Sending event: {'category': 'dbt', 'action': 'project_id', 'label': '5b917cc2-3169-4ce8-a24c-7a94795c0e37', 'context': [<snowplow_tracker.self_describing_json.SelfDescribingJson object at 0x000002675D16CC30>]}
[0m14:03:04.401997 [debug] [MainThread]: Sending event: {'category': 'dbt', 'action': 'adapter_info', 'label': '5b917cc2-3169-4ce8-a24c-7a94795c0e37', 'context': [<snowplow_tracker.self_describing_json.SelfDescribingJson object at 0x000002675F16D370>]}
[0m14:03:04.403619 [info ] [MainThread]: Registered adapter: snowflake=1.12.1
[0m14:03:04.884548 [debug] [MainThread]: checksum: e9d4732f47306cf2cd6bfd4916835be069b744b4c85486ddc17ea38e7b7e5573, vars: {}, profile: dbt_snowflake, target: dev, version: 1.12.5
[0m14:03:05.016496 [warn ] [MainThread]: [[33mWARNING[0m][PropertyMovedToConfigDeprecation]: Deprecated functionality
Found `meta` as a top-level property of `sources[0].tables[0]` in file
`models\src\sources.yml`. The `meta` top-level property should be moved into the
`config` of `sources[0].tables[0]`.
[0m14:03:05.017175 [debug] [MainThread]: Sending event: {'category': 'dbt', 'action': 'deprecation', 'label': '5b917cc2-3169-4ce8-a24c-7a94795c0e37', 'property_': 'warn', 'context': [<snowplow_tracker.self_describing_json.SelfDescribingJson object at 0x0000026779548650>]}
[0m14:03:05.128117 [debug] [MainThread]: Partial parsing enabled: 0 files deleted, 0 files added, 0 files changed.
[0m14:03:05.128493 [debug] [MainThread]: Nothing changed, skipping partial parsing.
[0m14:03:05.128805 [debug] [MainThread]: Partial parsing enabled, no changes found, skipping parsing
[0m14:03:05.137838 [debug] [MainThread]: Sending event: {'category': 'dbt', 'action': 'load_project', 'label': '5b917cc2-3169-4ce8-a24c-7a94795c0e37', 'context': [<snowplow_tracker.self_describing_json.SelfDescribingJson object at 0x000002677920BC50>]}
[0m14:03:05.315076 [debug] [MainThread]: Wrote artifact WritableManifest to C:\Users\Rickard\Documents\github\modern-data-stack-course\14_dagster\data_transformation\target\manifest.json
[0m14:03:05.319159 [debug] [MainThread]: Wrote artifact SemanticManifest to C:\Users\Rickard\Documents\github\modern-data-stack-course\14_dagster\data_transformation\target\semantic_manifest.json
[0m14:03:05.354806 [debug] [MainThread]: Wrote artifact OsiDocument to C:\Users\Rickard\Documents\github\modern-data-stack-course\14_dagster\data_transformation\target\osi_document.json
[0m14:03:05.386303 [debug] [MainThread]: Sending event: {'category': 'dbt', 'action': 'resource_counts', 'label': '5b917cc2-3169-4ce8-a24c-7a94795c0e37', 'context': [<snowplow_tracker.self_describing_json.SelfDescribingJson object at 0x00000267790D8670>]}
[0m14:03:05.386772 [info ] [MainThread]: Found 9 models, 10 data tests, 1 source, 947 macros
[0m14:03:05.389445 [info ] [MainThread]: 
[0m14:03:05.389881 [info ] [MainThread]: Concurrency: 1 threads (target='dev')
[0m14:03:05.390276 [info ] [MainThread]: 
[0m14:03:05.390861 [debug] [MainThread]: Acquiring new snowflake connection 'master'
[0m14:03:05.396111 [debug] [ThreadPool]: Acquiring new snowflake connection 'list_job_ads'
[0m14:03:05.413139 [debug] [ThreadPool]: Using snowflake connection "list_job_ads"
[0m14:03:05.413582 [debug] [ThreadPool]: On list_job_ads: show terse schemas in database job_ads
    limit 10000
/* {"app": "dbt", "dbt_version": "1.12.5", "profile_name": "dbt_snowflake", "target_name": "dev", "connection_name": "list_job_ads"} */
[0m14:03:05.413925 [debug] [ThreadPool]: Opening a new connection, currently in state init
[0m14:03:06.075923 [debug] [ThreadPool]: SQL status: SUCCESS 4 in 0.662 seconds
[0m14:03:06.078256 [debug] [ThreadPool]: Using snowflake connection "list_job_ads"
[0m14:03:06.078568 [debug] [ThreadPool]: On list_job_ads: show terse schemas in database job_ads
    limit 10000
/* {"app": "dbt", "dbt_version": "1.12.5", "profile_name": "dbt_snowflake", "target_name": "dev", "connection_name": "list_job_ads"} */
[0m14:03:06.152502 [debug] [ThreadPool]: SQL status: SUCCESS 4 in 0.074 seconds
[0m14:03:06.155118 [debug] [ThreadPool]: Acquiring new snowflake connection 'list_job_ads_marts'
[0m14:03:06.165085 [debug] [ThreadPool]: Using snowflake connection "list_job_ads_marts"
[0m14:03:06.165448 [debug] [ThreadPool]: On list_job_ads_marts: show objects in job_ads.marts
    limit 10000
    

/* {"app": "dbt", "dbt_version": "1.12.5", "profile_name": "dbt_snowflake", "target_name": "dev", "connection_name": "list_job_ads_marts"} */;
[0m14:03:06.165747 [debug] [ThreadPool]: Opening a new connection, currently in state init
[0m14:03:06.391810 [debug] [ThreadPool]: SQL status: SUCCESS 1 in 0.226 seconds
[0m14:03:06.400606 [debug] [ThreadPool]: Using snowflake connection "list_job_ads_marts"
[0m14:03:06.401311 [debug] [ThreadPool]: On list_job_ads_marts: show user functions in job_ads.marts
/* {"app": "dbt", "dbt_version": "1.12.5", "profile_name": "dbt_snowflake", "target_name": "dev", "connection_name": "list_job_ads_marts"} */
[0m14:03:06.468499 [debug] [ThreadPool]: SQL status: SUCCESS 0 in 0.067 seconds
[0m14:03:06.470827 [debug] [ThreadPool]: Re-using an available connection from the pool (formerly list_job_ads_marts, now list_job_ads_warehouse)
[0m14:03:06.472865 [debug] [ThreadPool]: Using snowflake connection "list_job_ads_warehouse"
[0m14:03:06.473291 [debug] [ThreadPool]: On list_job_ads_warehouse: show objects in job_ads.warehouse
    limit 10000
    

/* {"app": "dbt", "dbt_version": "1.12.5", "profile_name": "dbt_snowflake", "target_name": "dev", "connection_name": "list_job_ads_warehouse"} */;
[0m14:03:06.556266 [debug] [ThreadPool]: SQL status: SUCCESS 3 in 0.083 seconds
[0m14:03:06.558651 [debug] [ThreadPool]: Using snowflake connection "list_job_ads_warehouse"
[0m14:03:06.559047 [debug] [ThreadPool]: On list_job_ads_warehouse: show user functions in job_ads.warehouse
/* {"app": "dbt", "dbt_version": "1.12.5", "profile_name": "dbt_snowflake", "target_name": "dev", "connection_name": "list_job_ads_warehouse"} */
[0m14:03:06.609864 [debug] [ThreadPool]: SQL status: SUCCESS 0 in 0.050 seconds
[0m14:03:06.612225 [debug] [MainThread]: Sending event: {'category': 'dbt', 'action': 'runnable_timing', 'label': '5b917cc2-3169-4ce8-a24c-7a94795c0e37', 'context': [<snowplow_tracker.self_describing_json.SelfDescribingJson object at 0x000002677A709BF0>]}
[0m14:03:06.616871 [debug] [Thread-2 (]: Began running node model.dbt_code.src_employer
[0m14:03:06.617994 [debug] [Thread-2 (]: Acquiring new snowflake connection 'model.dbt_code.src_employer'
[0m14:03:06.618704 [debug] [Thread-2 (]: Began compiling node model.dbt_code.src_employer
[0m14:03:06.624714 [debug] [Thread-2 (]: Writing injected SQL for node "model.dbt_code.src_employer"
[0m14:03:06.626098 [debug] [Thread-2 (]: Finished running node model.dbt_code.src_employer
[0m14:03:06.626540 [debug] [Thread-2 (]: Began running node model.dbt_code.src_job_ads
[0m14:03:06.626955 [debug] [Thread-2 (]: Re-using an available connection from the pool (formerly model.dbt_code.src_employer, now model.dbt_code.src_job_ads)
[0m14:03:06.627321 [debug] [Thread-2 (]: Began compiling node model.dbt_code.src_job_ads
[0m14:03:06.630210 [debug] [Thread-2 (]: Writing injected SQL for node "model.dbt_code.src_job_ads"
[0m14:03:06.631822 [debug] [Thread-2 (]: Finished running node model.dbt_code.src_job_ads
[0m14:03:06.632254 [debug] [Thread-2 (]: Began running node model.dbt_code.src_occupation
[0m14:03:06.632816 [debug] [Thread-2 (]: Re-using an available connection from the pool (formerly model.dbt_code.src_job_ads, now model.dbt_code.src_occupation)
[0m14:03:06.633214 [debug] [Thread-2 (]: Began compiling node model.dbt_code.src_occupation
[0m14:03:06.635110 [debug] [Thread-2 (]: Writing injected SQL for node "model.dbt_code.src_occupation"
[0m14:03:06.636540 [debug] [Thread-2 (]: Finished running node model.dbt_code.src_occupation
[0m14:03:06.636985 [debug] [Thread-2 (]: Began running node model.dbt_code.dim_employer
[0m14:03:06.637490 [info ] [Thread-2 (]: 1 of 14 START sql table model warehouse.dim_employer ........................... [RUN]
[0m14:03:06.638337 [debug] [Thread-2 (]: Re-using an available connection from the pool (formerly model.dbt_code.src_occupation, now model.dbt_code.dim_employer)
[0m14:03:06.639118 [debug] [Thread-2 (]: Began compiling node model.dbt_code.dim_employer
[0m14:03:06.657368 [debug] [Thread-2 (]: Writing injected SQL for node "model.dbt_code.dim_employer"
[0m14:03:06.658393 [debug] [Thread-2 (]: Began executing node model.dbt_code.dim_employer
[0m14:03:06.701050 [debug] [Thread-2 (]: Writing runtime sql for node "model.dbt_code.dim_employer"
[0m14:03:06.706653 [debug] [Thread-2 (]: Using snowflake connection "model.dbt_code.dim_employer"
[0m14:03:06.707788 [debug] [Thread-2 (]: On model.dbt_code.dim_employer: create or replace transient table job_ads.warehouse.dim_employer
    
    
    
    
    

    as (with  __dbt__cte__src_employer as (
with stg_job_ads as (select * from job_ads.staging.technical_field_job_ads)

select
    employer__workplace as employer_workplace,
    workplace_address__municipality as workplace_municipality,
    employer__name as employer_name,
    employer__organization_number as employer_organization_number,
    workplace_address__street_address as workplace_street_address,
    workplace_address__region as workplace_region,
    workplace_address__postcode as workplace_postcode,
    workplace_address__city as workplace_city,
    workplace_address__country as workplace_country,
    coalesce(workplace_address__city, workplace_address__municipality) as workplace_city
from stg_job_ads
), src_employer as (select * from __dbt__cte__src_employer)

select
    md5(cast(coalesce(cast(employer_workplace as TEXT), '_dbt_utils_surrogate_key_null_') || '-' || coalesce(cast(workplace_municipality as TEXT), '_dbt_utils_surrogate_key_null_') as TEXT)) as employer_id,
    employer_workplace,
    workplace_municipality,
    max(employer_name) as employer_name,
    max(employer_organization_number) as employer_organization_number,
    max(workplace_street_address) as workplace_street_address,
    max(workplace_region) as workplace_region,
    max(workplace_postcode) as workplace_postcode,
    max(workplace_city) as workplace_city,
    max(workplace_country) as workplace_country
from src_employer
group by employer_workplace, workplace_municipality
    )

/* {"app": "dbt", "dbt_version": "1.12.5", "profile_name": "dbt_snowflake", "target_name": "dev", "node_id": "model.dbt_code.dim_employer"} */;
[0m14:03:06.708746 [debug] [Thread-2 (]: Opening a new connection, currently in state init
[0m14:03:06.929255 [debug] [Thread-2 (]: Snowflake adapter: Snowflake query id: 01c786b3-0000-7510-0000-4479000cc67a
[0m14:03:06.929983 [debug] [Thread-2 (]: Snowflake adapter: Snowflake error: 002028 (42601): SQL compilation error:
ambiguous column name 'WORKPLACE_CITY'
[0m14:03:06.938540 [debug] [Thread-2 (]: Database Error in model dim_employer (models\dim\dim_employer.sql)
  002028 (42601): SQL compilation error:
  ambiguous column name 'WORKPLACE_CITY'
  compiled code at target\run\dbt_code\models\dim\dim_employer.sql
[0m14:03:06.941567 [debug] [Thread-2 (]: Sending event: {'category': 'dbt', 'action': 'run_model', 'label': '5b917cc2-3169-4ce8-a24c-7a94795c0e37', 'context': [<snowplow_tracker.self_describing_json.SelfDescribingJson object at 0x000002677AAEE750>]}
[0m14:03:06.942465 [error] [Thread-2 (]: 1 of 14 ERROR creating sql table model warehouse.dim_employer .................. [[31mERROR[0m in 0.30s]
[0m14:03:06.943347 [debug] [Thread-2 (]: Finished running node model.dbt_code.dim_employer
[0m14:03:06.943864 [debug] [Thread-2 (]: Began running node model.dbt_code.fct_job_ads
[0m14:03:06.944980 [debug] [Thread-5 (]: Marking all children of 'model.dbt_code.dim_employer' to be skipped because of status 'error'.  Reason: Database Error in model dim_employer (models\dim\dim_employer.sql)
  002028 (42601): SQL compilation error:
  ambiguous column name 'WORKPLACE_CITY'
  compiled code at target\run\dbt_code\models\dim\dim_employer.sql.
[0m14:03:06.944402 [info ] [Thread-2 (]: 2 of 14 START sql table model warehouse.fct_job_ads ............................ [RUN]
[0m14:03:06.946112 [debug] [Thread-2 (]: Re-using an available connection from the pool (formerly model.dbt_code.dim_employer, now model.dbt_code.fct_job_ads)
[0m14:03:06.946563 [debug] [Thread-2 (]: Began compiling node model.dbt_code.fct_job_ads
[0m14:03:06.958755 [debug] [Thread-2 (]: Writing injected SQL for node "model.dbt_code.fct_job_ads"
[0m14:03:06.960074 [debug] [Thread-2 (]: Began executing node model.dbt_code.fct_job_ads
[0m14:03:06.961981 [debug] [Thread-2 (]: Writing runtime sql for node "model.dbt_code.fct_job_ads"
[0m14:03:06.963891 [debug] [Thread-2 (]: Using snowflake connection "model.dbt_code.fct_job_ads"
[0m14:03:06.964306 [debug] [Thread-2 (]: On model.dbt_code.fct_job_ads: create or replace transient table job_ads.warehouse.fct_job_ads
    
    
    
    
    

    as (-- this is an extract of the model

with  __dbt__cte__src_job_ads as (
-- this is an extract of the model

with stg_job_ads as (select * from job_ads.staging.technical_field_job_ads)

select
    id,
    occupation__label,
    employer__workplace,
    workplace_address__municipality,
    number_of_vacancies as vacancies,
    relevance,
    application_deadline
from stg_job_ads
), job_ads as (select * from __dbt__cte__src_job_ads)

select
    md5(cast(coalesce(cast(occupation__label as TEXT), '_dbt_utils_surrogate_key_null_') as TEXT)) as occupation_id,
    md5(cast(coalesce(cast(employer__workplace as TEXT), '_dbt_utils_surrogate_key_null_') || '-' || coalesce(cast(workplace_address__municipality as TEXT), '_dbt_utils_surrogate_key_null_') as TEXT)) as employer_id,
    md5(cast(coalesce(cast(id as TEXT), '_dbt_utils_surrogate_key_null_') as TEXT)) as job_details_id,
    md5(cast(coalesce(cast(id as TEXT), '_dbt_utils_surrogate_key_null_') as TEXT)) as auxilliary_attributes_id,
    vacancies,
    relevance,
    application_deadline
from job_ads
    )

/* {"app": "dbt", "dbt_version": "1.12.5", "profile_name": "dbt_snowflake", "target_name": "dev", "node_id": "model.dbt_code.fct_job_ads"} */;
[0m14:03:07.401073 [debug] [Thread-2 (]: SQL status: SUCCESS 100 in 0.436 seconds
[0m14:03:07.421885 [debug] [Thread-2 (]: Sending event: {'category': 'dbt', 'action': 'run_model', 'label': '5b917cc2-3169-4ce8-a24c-7a94795c0e37', 'context': [<snowplow_tracker.self_describing_json.SelfDescribingJson object at 0x000002677AB91700>]}
[0m14:03:07.422496 [info ] [Thread-2 (]: 2 of 14 OK created sql table model warehouse.fct_job_ads ....................... [[32mSUCCESS 100[0m in 0.48s]
[0m14:03:07.423278 [debug] [Thread-2 (]: Finished running node model.dbt_code.fct_job_ads
[0m14:03:07.423726 [debug] [Thread-2 (]: Began running node model.dbt_code.dim_occupation
[0m14:03:07.424441 [info ] [Thread-2 (]: 3 of 14 START sql table model warehouse.dim_occupation ......................... [RUN]
[0m14:03:07.425060 [debug] [Thread-2 (]: Re-using an available connection from the pool (formerly model.dbt_code.fct_job_ads, now model.dbt_code.dim_occupation)
[0m14:03:07.425445 [debug] [Thread-2 (]: Began compiling node model.dbt_code.dim_occupation
[0m14:03:07.430219 [debug] [Thread-2 (]: Writing injected SQL for node "model.dbt_code.dim_occupation"
[0m14:03:07.431172 [debug] [Thread-2 (]: Began executing node model.dbt_code.dim_occupation
[0m14:03:07.433533 [debug] [Thread-2 (]: Writing runtime sql for node "model.dbt_code.dim_occupation"
[0m14:03:07.435209 [debug] [Thread-2 (]: Using snowflake connection "model.dbt_code.dim_occupation"
[0m14:03:07.435681 [debug] [Thread-2 (]: On model.dbt_code.dim_occupation: create or replace transient table job_ads.warehouse.dim_occupation
    
    
    
    
    

    as (with  __dbt__cte__src_occupation as (
with stg_job_ads as (select * from job_ads.staging.technical_field_job_ads)

select
    occupation_group__concept_id as occupation_group_id,
    occupation_field__concept_id as occupation_field_id,
    occupation__label as occupation,
    occupation_group__label as occupation_group,
    occupation_field__label as occupation_field
from stg_job_ads
), src_occupation as (select * from __dbt__cte__src_occupation)

-- we use aggregate function max() for deduplicate, but there are more alternative codes one can use for this purpose
select
    md5(cast(coalesce(cast(occupation as TEXT), '_dbt_utils_surrogate_key_null_') as TEXT)) as occupation_id,
    occupation,
    max(occupation_group) as occupation_group,
    max(occupation_field) as occupation_field
from src_occupation
group by occupation
    )

/* {"app": "dbt", "dbt_version": "1.12.5", "profile_name": "dbt_snowflake", "target_name": "dev", "node_id": "model.dbt_code.dim_occupation"} */;
[0m14:03:08.112937 [debug] [Thread-2 (]: SQL status: SUCCESS 58 in 0.677 seconds
[0m14:03:08.114911 [debug] [Thread-2 (]: Sending event: {'category': 'dbt', 'action': 'run_model', 'label': '5b917cc2-3169-4ce8-a24c-7a94795c0e37', 'context': [<snowplow_tracker.self_describing_json.SelfDescribingJson object at 0x000002677ABA7B10>]}
[0m14:03:08.115451 [info ] [Thread-2 (]: 3 of 14 OK created sql table model warehouse.dim_occupation .................... [[32mSUCCESS 58[0m in 0.69s]
[0m14:03:08.116210 [debug] [Thread-2 (]: Finished running node model.dbt_code.dim_occupation
[0m14:03:08.116621 [debug] [Thread-2 (]: Began running node test.dbt_code.not_null_dim_employer_employer_id.e65273903e
[0m14:03:08.117260 [info ] [Thread-2 (]: 4 of 14 SKIP test not_null_dim_employer_employer_id ............................ [[33mSKIP[0m]
[0m14:03:08.117823 [debug] [Thread-2 (]: Finished running node test.dbt_code.not_null_dim_employer_employer_id.e65273903e
[0m14:03:08.118216 [debug] [Thread-2 (]: Began running node test.dbt_code.not_null_dim_employer_workplace_city.0a26a4b590
[0m14:03:08.118902 [debug] [Thread-5 (]: Marking all children of 'test.dbt_code.not_null_dim_employer_employer_id.e65273903e' to be skipped because of status 'skipped'. 
[0m14:03:08.118598 [info ] [Thread-2 (]: 5 of 14 SKIP test not_null_dim_employer_workplace_city ......................... [[33mSKIP[0m]
[0m14:03:08.119518 [debug] [Thread-2 (]: Finished running node test.dbt_code.not_null_dim_employer_workplace_city.0a26a4b590
[0m14:03:08.119904 [debug] [Thread-2 (]: Began running node test.dbt_code.unique_dim_employer_employer_id.bb6a67e72f
[0m14:03:08.120236 [debug] [Thread-5 (]: Marking all children of 'test.dbt_code.not_null_dim_employer_workplace_city.0a26a4b590' to be skipped because of status 'skipped'. 
[0m14:03:08.120656 [info ] [Thread-2 (]: 6 of 14 SKIP test unique_dim_employer_employer_id .............................. [[33mSKIP[0m]
[0m14:03:08.121224 [debug] [Thread-2 (]: Finished running node test.dbt_code.unique_dim_employer_employer_id.bb6a67e72f
[0m14:03:08.121617 [debug] [Thread-2 (]: Began running node test.dbt_code.dbt_expectations_expect_column_max_to_be_between_fct_job_ads_vacancies__20__1.1cdc5766cb
[0m14:03:08.122306 [debug] [Thread-5 (]: Marking all children of 'test.dbt_code.unique_dim_employer_employer_id.bb6a67e72f' to be skipped because of status 'skipped'. 
[0m14:03:08.121994 [info ] [Thread-2 (]: 7 of 14 START test dbt_expectations_expect_column_max_to_be_between_fct_job_ads_vacancies__20__1  [RUN]
[0m14:03:08.123020 [debug] [Thread-2 (]: Re-using an available connection from the pool (formerly model.dbt_code.dim_occupation, now test.dbt_code.dbt_expectations_expect_column_max_to_be_between_fct_job_ads_vacancies__20__1.1cdc5766cb)
[0m14:03:08.123401 [debug] [Thread-2 (]: Began compiling node test.dbt_code.dbt_expectations_expect_column_max_to_be_between_fct_job_ads_vacancies__20__1.1cdc5766cb
[0m14:03:08.143017 [debug] [Thread-2 (]: Writing injected SQL for node "test.dbt_code.dbt_expectations_expect_column_max_to_be_between_fct_job_ads_vacancies__20__1.1cdc5766cb"
[0m14:03:08.144910 [debug] [Thread-2 (]: Began executing node test.dbt_code.dbt_expectations_expect_column_max_to_be_between_fct_job_ads_vacancies__20__1.1cdc5766cb
[0m14:03:08.162820 [debug] [Thread-2 (]: Writing runtime sql for node "test.dbt_code.dbt_expectations_expect_column_max_to_be_between_fct_job_ads_vacancies__20__1.1cdc5766cb"
[0m14:03:08.168215 [debug] [Thread-2 (]: Using snowflake connection "test.dbt_code.dbt_expectations_expect_column_max_to_be_between_fct_job_ads_vacancies__20__1.1cdc5766cb"
[0m14:03:08.168653 [debug] [Thread-2 (]: On test.dbt_code.dbt_expectations_expect_column_max_to_be_between_fct_job_ads_vacancies__20__1.1cdc5766cb: select
      count(*) as failures,
      count(*) != 0 as should_warn,
      count(*) != 0 as should_error
    from (
      
    
  




    with grouped_expression as (
    select
        
        
    
  
( 1=1 and max(vacancies) >= 1 and max(vacancies) <= 20
)
 as expression


    from job_ads.warehouse.fct_job_ads
    

),
validation_errors as (

    select
        *
    from
        grouped_expression
    where
        not(expression = true)

)

select *
from validation_errors






  
  
      
    ) dbt_internal_test
/* {"app": "dbt", "dbt_version": "1.12.5", "profile_name": "dbt_snowflake", "target_name": "dev", "node_id": "test.dbt_code.dbt_expectations_expect_column_max_to_be_between_fct_job_ads_vacancies__20__1.1cdc5766cb"} */
[0m14:03:08.291512 [debug] [Thread-2 (]: SQL status: SUCCESS 1 in 0.122 seconds
[0m14:03:08.297750 [info ] [Thread-2 (]: 7 of 14 PASS dbt_expectations_expect_column_max_to_be_between_fct_job_ads_vacancies__20__1  [[32mPASS[0m in 0.17s]
[0m14:03:08.298953 [debug] [Thread-2 (]: Finished running node test.dbt_code.dbt_expectations_expect_column_max_to_be_between_fct_job_ads_vacancies__20__1.1cdc5766cb
[0m14:03:08.299584 [debug] [Thread-2 (]: Began running node test.dbt_code.dbt_expectations_expect_column_quantile_values_to_be_between_fct_job_ads_vacancies__20__1__0_99.0d1d0fc189
[0m14:03:08.300178 [info ] [Thread-2 (]: 8 of 14 START test dbt_expectations_expect_column_quantile_values_to_be_between_fct_job_ads_vacancies__20__1__0_99  [RUN]
[0m14:03:08.301017 [debug] [Thread-2 (]: Re-using an available connection from the pool (formerly test.dbt_code.dbt_expectations_expect_column_max_to_be_between_fct_job_ads_vacancies__20__1.1cdc5766cb, now test.dbt_code.dbt_expectations_expect_column_quantile_values_to_be_between_fct_job_ads_vacancies__20__1__0_99.0d1d0fc189)
[0m14:03:08.301571 [debug] [Thread-2 (]: Began compiling node test.dbt_code.dbt_expectations_expect_column_quantile_values_to_be_between_fct_job_ads_vacancies__20__1__0_99.0d1d0fc189
[0m14:03:08.319947 [debug] [Thread-2 (]: Writing injected SQL for node "test.dbt_code.dbt_expectations_expect_column_quantile_values_to_be_between_fct_job_ads_vacancies__20__1__0_99.0d1d0fc189"
[0m14:03:08.320939 [debug] [Thread-2 (]: Began executing node test.dbt_code.dbt_expectations_expect_column_quantile_values_to_be_between_fct_job_ads_vacancies__20__1__0_99.0d1d0fc189
[0m14:03:08.322660 [debug] [Thread-2 (]: Writing runtime sql for node "test.dbt_code.dbt_expectations_expect_column_quantile_values_to_be_between_fct_job_ads_vacancies__20__1__0_99.0d1d0fc189"
[0m14:03:08.324490 [debug] [Thread-2 (]: Using snowflake connection "test.dbt_code.dbt_expectations_expect_column_quantile_values_to_be_between_fct_job_ads_vacancies__20__1__0_99.0d1d0fc189"
[0m14:03:08.324962 [debug] [Thread-2 (]: On test.dbt_code.dbt_expectations_expect_column_quantile_values_to_be_between_fct_job_ads_vacancies__20__1__0_99.0d1d0fc189: select
      count(*) as failures,
      count(*) != 0 as should_warn,
      count(*) != 0 as should_error
    from (
      
    
  





    with grouped_expression as (
    select
        
        
    
  
( 1=1 and percentile_cont(0.99) within group (order by vacancies) >= 1 and percentile_cont(0.99) within group (order by vacancies) <= 20
)
 as expression


    from job_ads.warehouse.fct_job_ads
    

),
validation_errors as (

    select
        *
    from
        grouped_expression
    where
        not(expression = true)

)

select *
from validation_errors






  
  
      
    ) dbt_internal_test
/* {"app": "dbt", "dbt_version": "1.12.5", "profile_name": "dbt_snowflake", "target_name": "dev", "node_id": "test.dbt_code.dbt_expectations_expect_column_quantile_values_to_be_between_fct_job_ads_vacancies__20__1__0_99.0d1d0fc189"} */
[0m14:03:08.409172 [debug] [Thread-2 (]: SQL status: SUCCESS 1 in 0.084 seconds
[0m14:03:08.411050 [info ] [Thread-2 (]: 8 of 14 PASS dbt_expectations_expect_column_quantile_values_to_be_between_fct_job_ads_vacancies__20__1__0_99  [[32mPASS[0m in 0.11s]
[0m14:03:08.411833 [debug] [Thread-2 (]: Finished running node test.dbt_code.dbt_expectations_expect_column_quantile_values_to_be_between_fct_job_ads_vacancies__20__1__0_99.0d1d0fc189
[0m14:03:08.412303 [debug] [Thread-2 (]: Began running node test.dbt_code.dbt_expectations_expect_column_values_to_be_between_fct_job_ads_relevance__1__0.c2868257fd
[0m14:03:08.412906 [info ] [Thread-2 (]: 9 of 14 START test dbt_expectations_expect_column_values_to_be_between_fct_job_ads_relevance__1__0  [RUN]
[0m14:03:08.413581 [debug] [Thread-2 (]: Re-using an available connection from the pool (formerly test.dbt_code.dbt_expectations_expect_column_quantile_values_to_be_between_fct_job_ads_vacancies__20__1__0_99.0d1d0fc189, now test.dbt_code.dbt_expectations_expect_column_values_to_be_between_fct_job_ads_relevance__1__0.c2868257fd)
[0m14:03:08.413968 [debug] [Thread-2 (]: Began compiling node test.dbt_code.dbt_expectations_expect_column_values_to_be_between_fct_job_ads_relevance__1__0.c2868257fd
[0m14:03:08.421984 [debug] [Thread-2 (]: Writing injected SQL for node "test.dbt_code.dbt_expectations_expect_column_values_to_be_between_fct_job_ads_relevance__1__0.c2868257fd"
[0m14:03:08.422847 [debug] [Thread-2 (]: Began executing node test.dbt_code.dbt_expectations_expect_column_values_to_be_between_fct_job_ads_relevance__1__0.c2868257fd
[0m14:03:08.424438 [debug] [Thread-2 (]: Writing runtime sql for node "test.dbt_code.dbt_expectations_expect_column_values_to_be_between_fct_job_ads_relevance__1__0.c2868257fd"
[0m14:03:08.426103 [debug] [Thread-2 (]: Using snowflake connection "test.dbt_code.dbt_expectations_expect_column_values_to_be_between_fct_job_ads_relevance__1__0.c2868257fd"
[0m14:03:08.426692 [debug] [Thread-2 (]: On test.dbt_code.dbt_expectations_expect_column_values_to_be_between_fct_job_ads_relevance__1__0.c2868257fd: select
      count(*) as failures,
      count(*) != 0 as should_warn,
      count(*) != 0 as should_error
    from (
      
    
  






    with grouped_expression as (
    select
        
        
    
  
( 1=1 and relevance >= 0 and relevance <= 1
)
 as expression


    from job_ads.warehouse.fct_job_ads
    

),
validation_errors as (

    select
        *
    from
        grouped_expression
    where
        not(expression = true)

)

select *
from validation_errors








  
  
      
    ) dbt_internal_test
/* {"app": "dbt", "dbt_version": "1.12.5", "profile_name": "dbt_snowflake", "target_name": "dev", "node_id": "test.dbt_code.dbt_expectations_expect_column_values_to_be_between_fct_job_ads_relevance__1__0.c2868257fd"} */
[0m14:03:08.499861 [debug] [Thread-2 (]: SQL status: SUCCESS 1 in 0.073 seconds
[0m14:03:08.501653 [info ] [Thread-2 (]: 9 of 14 PASS dbt_expectations_expect_column_values_to_be_between_fct_job_ads_relevance__1__0  [[32mPASS[0m in 0.09s]
[0m14:03:08.502391 [debug] [Thread-2 (]: Finished running node test.dbt_code.dbt_expectations_expect_column_values_to_be_between_fct_job_ads_relevance__1__0.c2868257fd
[0m14:03:08.502799 [debug] [Thread-2 (]: Began running node test.dbt_code.dbt_expectations_expect_column_values_to_be_of_type_fct_job_ads_relevance__float.a761526467
[0m14:03:08.503175 [info ] [Thread-2 (]: 10 of 14 START test dbt_expectations_expect_column_values_to_be_of_type_fct_job_ads_relevance__float  [RUN]
[0m14:03:08.503748 [debug] [Thread-2 (]: Re-using an available connection from the pool (formerly test.dbt_code.dbt_expectations_expect_column_values_to_be_between_fct_job_ads_relevance__1__0.c2868257fd, now test.dbt_code.dbt_expectations_expect_column_values_to_be_of_type_fct_job_ads_relevance__float.a761526467)
[0m14:03:08.504128 [debug] [Thread-2 (]: Began compiling node test.dbt_code.dbt_expectations_expect_column_values_to_be_of_type_fct_job_ads_relevance__float.a761526467
[0m14:03:08.522049 [debug] [Thread-2 (]: Using snowflake connection "test.dbt_code.dbt_expectations_expect_column_values_to_be_of_type_fct_job_ads_relevance__float.a761526467"
[0m14:03:08.522481 [debug] [Thread-2 (]: On test.dbt_code.dbt_expectations_expect_column_values_to_be_of_type_fct_job_ads_relevance__float.a761526467: describe table job_ads.warehouse.fct_job_ads
/* {"app": "dbt", "dbt_version": "1.12.5", "profile_name": "dbt_snowflake", "target_name": "dev", "node_id": "test.dbt_code.dbt_expectations_expect_column_values_to_be_of_type_fct_job_ads_relevance__float.a761526467"} */
[0m14:03:08.571066 [debug] [Thread-2 (]: SQL status: SUCCESS 7 in 0.048 seconds
[0m14:03:08.580566 [debug] [Thread-2 (]: Writing injected SQL for node "test.dbt_code.dbt_expectations_expect_column_values_to_be_of_type_fct_job_ads_relevance__float.a761526467"
[0m14:03:08.581916 [debug] [Thread-2 (]: Began executing node test.dbt_code.dbt_expectations_expect_column_values_to_be_of_type_fct_job_ads_relevance__float.a761526467
[0m14:03:08.584190 [debug] [Thread-2 (]: Writing runtime sql for node "test.dbt_code.dbt_expectations_expect_column_values_to_be_of_type_fct_job_ads_relevance__float.a761526467"
[0m14:03:08.586479 [debug] [Thread-2 (]: Using snowflake connection "test.dbt_code.dbt_expectations_expect_column_values_to_be_of_type_fct_job_ads_relevance__float.a761526467"
[0m14:03:08.586996 [debug] [Thread-2 (]: On test.dbt_code.dbt_expectations_expect_column_values_to_be_of_type_fct_job_ads_relevance__float.a761526467: select
      count(*) as failures,
      count(*) != 0 as should_warn,
      count(*) != 0 as should_error
    from (
      
    
  with relation_columns as (

        
        select
            cast('OCCUPATION_ID' as TEXT) as relation_column,
            cast('VARCHAR' as TEXT) as relation_column_type
        union all
        
        select
            cast('EMPLOYER_ID' as TEXT) as relation_column,
            cast('VARCHAR' as TEXT) as relation_column_type
        union all
        
        select
            cast('JOB_DETAILS_ID' as TEXT) as relation_column,
            cast('VARCHAR' as TEXT) as relation_column_type
        union all
        
        select
            cast('AUXILLIARY_ATTRIBUTES_ID' as TEXT) as relation_column,
            cast('VARCHAR' as TEXT) as relation_column_type
        union all
        
        select
            cast('VACANCIES' as TEXT) as relation_column,
            cast('NUMBER' as TEXT) as relation_column_type
        union all
        
        select
            cast('RELEVANCE' as TEXT) as relation_column,
            cast('FLOAT' as TEXT) as relation_column_type
        union all
        
        select
            cast('APPLICATION_DEADLINE' as TEXT) as relation_column,
            cast('TIMESTAMP_TZ' as TEXT) as relation_column_type
        
        
    ),
    test_data as (

        select
            *
        from
            relation_columns
        where
            relation_column = 'RELEVANCE'
            and
            relation_column_type not in ('FLOAT')

    )
    select *
    from test_data
  
  
      
    ) dbt_internal_test
/* {"app": "dbt", "dbt_version": "1.12.5", "profile_name": "dbt_snowflake", "target_name": "dev", "node_id": "test.dbt_code.dbt_expectations_expect_column_values_to_be_of_type_fct_job_ads_relevance__float.a761526467"} */
[0m14:03:08.654513 [debug] [Thread-2 (]: SQL status: SUCCESS 1 in 0.067 seconds
[0m14:03:08.656219 [info ] [Thread-2 (]: 10 of 14 PASS dbt_expectations_expect_column_values_to_be_of_type_fct_job_ads_relevance__float  [[32mPASS[0m in 0.15s]
[0m14:03:08.656969 [debug] [Thread-2 (]: Finished running node test.dbt_code.dbt_expectations_expect_column_values_to_be_of_type_fct_job_ads_relevance__float.a761526467
[0m14:03:08.657371 [debug] [Thread-2 (]: Began running node test.dbt_code.dbt_expectations_expect_column_values_to_be_of_type_fct_job_ads_vacancies__number.e496ae5405
[0m14:03:08.657755 [info ] [Thread-2 (]: 11 of 14 START test dbt_expectations_expect_column_values_to_be_of_type_fct_job_ads_vacancies__number  [RUN]
[0m14:03:08.658336 [debug] [Thread-2 (]: Re-using an available connection from the pool (formerly test.dbt_code.dbt_expectations_expect_column_values_to_be_of_type_fct_job_ads_relevance__float.a761526467, now test.dbt_code.dbt_expectations_expect_column_values_to_be_of_type_fct_job_ads_vacancies__number.e496ae5405)
[0m14:03:08.658714 [debug] [Thread-2 (]: Began compiling node test.dbt_code.dbt_expectations_expect_column_values_to_be_of_type_fct_job_ads_vacancies__number.e496ae5405
[0m14:03:08.669211 [debug] [Thread-2 (]: Using snowflake connection "test.dbt_code.dbt_expectations_expect_column_values_to_be_of_type_fct_job_ads_vacancies__number.e496ae5405"
[0m14:03:08.669627 [debug] [Thread-2 (]: On test.dbt_code.dbt_expectations_expect_column_values_to_be_of_type_fct_job_ads_vacancies__number.e496ae5405: describe table job_ads.warehouse.fct_job_ads
/* {"app": "dbt", "dbt_version": "1.12.5", "profile_name": "dbt_snowflake", "target_name": "dev", "node_id": "test.dbt_code.dbt_expectations_expect_column_values_to_be_of_type_fct_job_ads_vacancies__number.e496ae5405"} */
[0m14:03:08.707711 [debug] [Thread-2 (]: SQL status: SUCCESS 7 in 0.038 seconds
[0m14:03:08.711552 [debug] [Thread-2 (]: Writing injected SQL for node "test.dbt_code.dbt_expectations_expect_column_values_to_be_of_type_fct_job_ads_vacancies__number.e496ae5405"
[0m14:03:08.712495 [debug] [Thread-2 (]: Began executing node test.dbt_code.dbt_expectations_expect_column_values_to_be_of_type_fct_job_ads_vacancies__number.e496ae5405
[0m14:03:08.714348 [debug] [Thread-2 (]: Writing runtime sql for node "test.dbt_code.dbt_expectations_expect_column_values_to_be_of_type_fct_job_ads_vacancies__number.e496ae5405"
[0m14:03:08.717411 [debug] [Thread-2 (]: Using snowflake connection "test.dbt_code.dbt_expectations_expect_column_values_to_be_of_type_fct_job_ads_vacancies__number.e496ae5405"
[0m14:03:08.717855 [debug] [Thread-2 (]: On test.dbt_code.dbt_expectations_expect_column_values_to_be_of_type_fct_job_ads_vacancies__number.e496ae5405: select
      count(*) as failures,
      count(*) != 0 as should_warn,
      count(*) != 0 as should_error
    from (
      
    
  with relation_columns as (

        
        select
            cast('OCCUPATION_ID' as TEXT) as relation_column,
            cast('VARCHAR' as TEXT) as relation_column_type
        union all
        
        select
            cast('EMPLOYER_ID' as TEXT) as relation_column,
            cast('VARCHAR' as TEXT) as relation_column_type
        union all
        
        select
            cast('JOB_DETAILS_ID' as TEXT) as relation_column,
            cast('VARCHAR' as TEXT) as relation_column_type
        union all
        
        select
            cast('AUXILLIARY_ATTRIBUTES_ID' as TEXT) as relation_column,
            cast('VARCHAR' as TEXT) as relation_column_type
        union all
        
        select
            cast('VACANCIES' as TEXT) as relation_column,
            cast('NUMBER' as TEXT) as relation_column_type
        union all
        
        select
            cast('RELEVANCE' as TEXT) as relation_column,
            cast('FLOAT' as TEXT) as relation_column_type
        union all
        
        select
            cast('APPLICATION_DEADLINE' as TEXT) as relation_column,
            cast('TIMESTAMP_TZ' as TEXT) as relation_column_type
        
        
    ),
    test_data as (

        select
            *
        from
            relation_columns
        where
            relation_column = 'VACANCIES'
            and
            relation_column_type not in ('NUMBER')

    )
    select *
    from test_data
  
  
      
    ) dbt_internal_test
/* {"app": "dbt", "dbt_version": "1.12.5", "profile_name": "dbt_snowflake", "target_name": "dev", "node_id": "test.dbt_code.dbt_expectations_expect_column_values_to_be_of_type_fct_job_ads_vacancies__number.e496ae5405"} */
[0m14:03:08.786667 [debug] [Thread-2 (]: SQL status: SUCCESS 1 in 0.068 seconds
[0m14:03:08.788474 [info ] [Thread-2 (]: 11 of 14 PASS dbt_expectations_expect_column_values_to_be_of_type_fct_job_ads_vacancies__number  [[32mPASS[0m in 0.13s]
[0m14:03:08.789220 [debug] [Thread-2 (]: Finished running node test.dbt_code.dbt_expectations_expect_column_values_to_be_of_type_fct_job_ads_vacancies__number.e496ae5405
[0m14:03:08.789660 [debug] [Thread-2 (]: Began running node test.dbt_code.not_null_fct_job_ads_workplace_city.98e05b443c
[0m14:03:08.790076 [info ] [Thread-2 (]: 12 of 14 START test not_null_fct_job_ads_workplace_city ........................ [RUN]
[0m14:03:08.790765 [debug] [Thread-2 (]: Re-using an available connection from the pool (formerly test.dbt_code.dbt_expectations_expect_column_values_to_be_of_type_fct_job_ads_vacancies__number.e496ae5405, now test.dbt_code.not_null_fct_job_ads_workplace_city.98e05b443c)
[0m14:03:08.791157 [debug] [Thread-2 (]: Began compiling node test.dbt_code.not_null_fct_job_ads_workplace_city.98e05b443c
[0m14:03:08.802262 [debug] [Thread-2 (]: Writing injected SQL for node "test.dbt_code.not_null_fct_job_ads_workplace_city.98e05b443c"
[0m14:03:08.803397 [debug] [Thread-2 (]: Began executing node test.dbt_code.not_null_fct_job_ads_workplace_city.98e05b443c
[0m14:03:08.805128 [debug] [Thread-2 (]: Writing runtime sql for node "test.dbt_code.not_null_fct_job_ads_workplace_city.98e05b443c"
[0m14:03:08.806531 [debug] [Thread-2 (]: Using snowflake connection "test.dbt_code.not_null_fct_job_ads_workplace_city.98e05b443c"
[0m14:03:08.807013 [debug] [Thread-2 (]: On test.dbt_code.not_null_fct_job_ads_workplace_city.98e05b443c: select
      count(*) as failures,
      count(*) != 0 as should_warn,
      count(*) != 0 as should_error
    from (
      
    
  
    
    



select workplace_city
from job_ads.warehouse.fct_job_ads
where workplace_city is null



  
  
      
    ) dbt_internal_test
/* {"app": "dbt", "dbt_version": "1.12.5", "profile_name": "dbt_snowflake", "target_name": "dev", "node_id": "test.dbt_code.not_null_fct_job_ads_workplace_city.98e05b443c"} */
[0m14:03:08.851647 [debug] [Thread-2 (]: Snowflake adapter: Snowflake query id: 01c786b3-0000-7510-0000-4479000cc6a2
[0m14:03:08.852047 [debug] [Thread-2 (]: Snowflake adapter: Snowflake error: 000904 (42000): SQL compilation error: error line 14 at position 7
invalid identifier 'WORKPLACE_CITY'
[0m14:03:08.857211 [debug] [Thread-2 (]: Database Error in test not_null_fct_job_ads_workplace_city (models\schema.yml)
  000904 (42000): SQL compilation error: error line 14 at position 7
  invalid identifier 'WORKPLACE_CITY'
  compiled code at target\run\dbt_code\models\schema.yml\not_null_fct_job_ads_workplace_city.sql
[0m14:03:08.857648 [error] [Thread-2 (]: 12 of 14 ERROR not_null_fct_job_ads_workplace_city ............................. [[31mERROR[0m in 0.07s]
[0m14:03:08.858386 [debug] [Thread-2 (]: Finished running node test.dbt_code.not_null_fct_job_ads_workplace_city.98e05b443c
[0m14:03:08.858792 [debug] [Thread-2 (]: Began running node test.dbt_code.relationships_fct_job_ads_occupation_id__occupation_id__ref_dim_occupation_.a8eda44378
[0m14:03:08.859692 [debug] [Thread-5 (]: Marking all children of 'test.dbt_code.not_null_fct_job_ads_workplace_city.98e05b443c' to be skipped because of status 'error'.  Reason: Database Error in test not_null_fct_job_ads_workplace_city (models\schema.yml)
  000904 (42000): SQL compilation error: error line 14 at position 7
  invalid identifier 'WORKPLACE_CITY'
  compiled code at target\run\dbt_code\models\schema.yml\not_null_fct_job_ads_workplace_city.sql.
[0m14:03:08.859171 [info ] [Thread-2 (]: 13 of 14 START test relationships_fct_job_ads_occupation_id__occupation_id__ref_dim_occupation_  [RUN]
[0m14:03:08.860345 [debug] [Thread-2 (]: Re-using an available connection from the pool (formerly test.dbt_code.not_null_fct_job_ads_workplace_city.98e05b443c, now test.dbt_code.relationships_fct_job_ads_occupation_id__occupation_id__ref_dim_occupation_.a8eda44378)
[0m14:03:08.860722 [debug] [Thread-2 (]: Began compiling node test.dbt_code.relationships_fct_job_ads_occupation_id__occupation_id__ref_dim_occupation_.a8eda44378
[0m14:03:08.875549 [debug] [Thread-2 (]: Writing injected SQL for node "test.dbt_code.relationships_fct_job_ads_occupation_id__occupation_id__ref_dim_occupation_.a8eda44378"
[0m14:03:08.876415 [debug] [Thread-2 (]: Began executing node test.dbt_code.relationships_fct_job_ads_occupation_id__occupation_id__ref_dim_occupation_.a8eda44378
[0m14:03:08.878366 [debug] [Thread-2 (]: Writing runtime sql for node "test.dbt_code.relationships_fct_job_ads_occupation_id__occupation_id__ref_dim_occupation_.a8eda44378"
[0m14:03:08.879965 [debug] [Thread-2 (]: Using snowflake connection "test.dbt_code.relationships_fct_job_ads_occupation_id__occupation_id__ref_dim_occupation_.a8eda44378"
[0m14:03:08.880563 [debug] [Thread-2 (]: On test.dbt_code.relationships_fct_job_ads_occupation_id__occupation_id__ref_dim_occupation_.a8eda44378: select
      count(*) as failures,
      count(*) != 0 as should_warn,
      count(*) != 0 as should_error
    from (
      
    
  
    
    

with child as (
    select occupation_id as from_field
    from job_ads.warehouse.fct_job_ads
    where occupation_id is not null
),

parent as (
    select occupation_id as to_field
    from job_ads.warehouse.dim_occupation
)

select
    from_field

from child
left join parent
    on child.from_field = parent.to_field

where parent.to_field is null



  
  
      
    ) dbt_internal_test
/* {"app": "dbt", "dbt_version": "1.12.5", "profile_name": "dbt_snowflake", "target_name": "dev", "node_id": "test.dbt_code.relationships_fct_job_ads_occupation_id__occupation_id__ref_dim_occupation_.a8eda44378"} */
[0m14:03:09.034729 [debug] [Thread-2 (]: SQL status: SUCCESS 1 in 0.154 seconds
[0m14:03:09.036503 [info ] [Thread-2 (]: 13 of 14 PASS relationships_fct_job_ads_occupation_id__occupation_id__ref_dim_occupation_  [[32mPASS[0m in 0.18s]
[0m14:03:09.037251 [debug] [Thread-2 (]: Finished running node test.dbt_code.relationships_fct_job_ads_occupation_id__occupation_id__ref_dim_occupation_.a8eda44378
[0m14:03:09.037914 [debug] [Thread-2 (]: Began running node model.dbt_code.mart_technical_jobs
[0m14:03:09.038314 [info ] [Thread-2 (]: 14 of 14 SKIP relation marts.mart_technical_jobs ............................... [[33mSKIP[0m]
[0m14:03:09.038903 [debug] [Thread-2 (]: Finished running node model.dbt_code.mart_technical_jobs
[0m14:03:09.039373 [debug] [Thread-5 (]: Marking all children of 'model.dbt_code.mart_technical_jobs' to be skipped because of status 'skipped'. 
[0m14:03:09.040440 [debug] [MainThread]: Connection 'master' was properly closed.
[0m14:03:09.040737 [debug] [MainThread]: Connection 'list_job_ads' was left open.
[0m14:03:09.041027 [debug] [MainThread]: On list_job_ads: Close
[0m14:03:09.088346 [debug] [MainThread]: Connection 'list_job_ads_warehouse' was left open.
[0m14:03:09.088728 [debug] [MainThread]: On list_job_ads_warehouse: Close
[0m14:03:09.137735 [debug] [MainThread]: Connection 'test.dbt_code.relationships_fct_job_ads_occupation_id__occupation_id__ref_dim_occupation_.a8eda44378' was left open.
[0m14:03:09.138119 [debug] [MainThread]: On test.dbt_code.relationships_fct_job_ads_occupation_id__occupation_id__ref_dim_occupation_.a8eda44378: Close
[0m14:03:09.189224 [info ] [MainThread]: 
[0m14:03:09.189779 [info ] [MainThread]: Finished running 4 table models, 10 data tests in 0 hours 0 minutes and 3.80 seconds (3.80s).
[0m14:03:09.191936 [debug] [MainThread]: Command end result
[0m14:03:09.252513 [debug] [MainThread]: Wrote artifact WritableManifest to C:\Users\Rickard\Documents\github\modern-data-stack-course\14_dagster\data_transformation\target\manifest.json
[0m14:03:09.255777 [debug] [MainThread]: Wrote artifact SemanticManifest to C:\Users\Rickard\Documents\github\modern-data-stack-course\14_dagster\data_transformation\target\semantic_manifest.json
[0m14:03:09.258868 [debug] [MainThread]: Wrote artifact OsiDocument to C:\Users\Rickard\Documents\github\modern-data-stack-course\14_dagster\data_transformation\target\osi_document.json
[0m14:03:09.266863 [debug] [MainThread]: Wrote artifact RunExecutionResult to C:\Users\Rickard\Documents\github\modern-data-stack-course\14_dagster\data_transformation\target\run_results.json
[0m14:03:09.267241 [info ] [MainThread]: 
[0m14:03:09.267751 [info ] [MainThread]: [31mCompleted with 2 errors, 0 partial successes, and 0 warnings:[0m
[0m14:03:09.268224 [info ] [MainThread]: 
[0m14:03:09.268749 [error] [MainThread]: [[31mERROR[0m]: in model dim_employer (models\dim\dim_employer.sql)
[0m14:03:09.269259 [error] [MainThread]:   Database Error in model dim_employer (models\dim\dim_employer.sql)
  002028 (42601): SQL compilation error:
  ambiguous column name 'WORKPLACE_CITY'
  compiled code at target\run\dbt_code\models\dim\dim_employer.sql
[0m14:03:09.269684 [info ] [MainThread]: 
[0m14:03:09.270171 [info ] [MainThread]:   compiled code at target\compiled\dbt_code\models\dim\dim_employer.sql
[0m14:03:09.270586 [info ] [MainThread]: 
[0m14:03:09.271077 [error] [MainThread]: [[31mERROR[0m]: in test not_null_fct_job_ads_workplace_city (models\schema.yml)
[0m14:03:09.271571 [error] [MainThread]:   Database Error in test not_null_fct_job_ads_workplace_city (models\schema.yml)
  000904 (42000): SQL compilation error: error line 14 at position 7
  invalid identifier 'WORKPLACE_CITY'
  compiled code at target\run\dbt_code\models\schema.yml\not_null_fct_job_ads_workplace_city.sql
[0m14:03:09.271991 [info ] [MainThread]: 
[0m14:03:09.272479 [info ] [MainThread]:   compiled code at target\compiled\dbt_code\models\schema.yml\not_null_fct_job_ads_workplace_city.sql
[0m14:03:09.272917 [info ] [MainThread]: 
[0m14:03:09.273415 [info ] [MainThread]: Done. PASS=8 WARN=0 ERROR=2 SKIP=4 NO-OP=0 REUSED=0 TOTAL=14
[0m14:03:09.274043 [warn ] [MainThread]: [[33mWARNING[0m][DeprecationsSummary]: Deprecated functionality
Summary of encountered deprecations:
- PropertyMovedToConfigDeprecation: 1 occurrence
To see all deprecation instances instead of just the first occurrence of each,
run command again with the `--show-all-deprecations` flag. You may also need to
run with `--no-partial-parse` as some deprecations are only encountered during
parsing.
[0m14:03:09.275350 [debug] [MainThread]: Command `dbt build` failed at 14:03:09.275238 after 6.48 seconds
[0m14:03:09.275747 [debug] [MainThread]: Sending event: {'category': 'dbt', 'action': 'invocation', 'label': 'end', 'context': [<snowplow_tracker.self_describing_json.SelfDescribingJson object at 0x0000026778B47ED0>, <snowplow_tracker.self_describing_json.SelfDescribingJson object at 0x00000267788B0250>, <snowplow_tracker.self_describing_json.SelfDescribingJson object at 0x000002675F234A60>]}
[0m14:03:09.276116 [debug] [MainThread]: Flushing usage events
[0m14:03:10.160803 [debug] [MainThread]: An error was encountered while trying to flush usage events
[0m14:05:15.426764 [debug] [MainThread]: Sending event: {'category': 'dbt', 'action': 'invocation', 'label': 'start', 'context': [<snowplow_tracker.self_describing_json.SelfDescribingJson object at 0x00000214338963C0>, <snowplow_tracker.self_describing_json.SelfDescribingJson object at 0x0000021435E27ED0>, <snowplow_tracker.self_describing_json.SelfDescribingJson object at 0x0000021435E279D0>]}


============================== 14:05:15.431181 | 0dc54a8b-e215-4088-954b-986bf0243db0 ==============================
[0m14:05:15.431181 [info ] [MainThread]: Running with dbt=1.12.5
[0m14:05:15.431886 [debug] [MainThread]: running dbt with arguments {'version_check': 'True', 'no_print': 'None', 'maximum_seed_size_mib': '1', 'target_path': 'None', 'static_parser': 'True', 'warn_error_options': 'WarnErrorOptionsV2(error=[], warn=[], silence=[])', 'printer_width': '80', 'write_json': 'True', 'empty': 'False', 'log_cache_events': 'False', 'introspect': 'True', 'cache_selected_only': 'False', 'fail_fast': 'False', 'debug': 'False', 'log_format': 'default', 'partial_parse': 'True', 'send_anonymous_usage_stats': 'True', 'quiet': 'False', 'warn_error': 'None', 'profiles_dir': 'C:\\Users\\Rickard\\.dbt', 'indirect_selection': 'eager', 'hints_enabled': 'True', 'use_colors': 'True', 'use_experimental_parser': 'False', 'invocation_command': 'dbt build', 'log_path': 'C:\\Users\\Rickard\\Documents\\github\\modern-data-stack-course\\14_dagster\\data_transformation\\logs'}
[0m14:05:16.338478 [debug] [MainThread]: Snowflake adapter: Setting snowflake.connector to ERROR (file logging only)
[0m14:05:16.338924 [debug] [MainThread]: Snowflake adapter: Setting botocore to ERROR (file logging only)
[0m14:05:16.339270 [debug] [MainThread]: Snowflake adapter: Setting boto3 to ERROR (file logging only)
[0m14:05:16.691454 [debug] [MainThread]: Sending event: {'category': 'dbt', 'action': 'project_id', 'label': '0dc54a8b-e215-4088-954b-986bf0243db0', 'context': [<snowplow_tracker.self_describing_json.SelfDescribingJson object at 0x0000021433DFCC30>]}
[0m14:05:16.782899 [debug] [MainThread]: Sending event: {'category': 'dbt', 'action': 'adapter_info', 'label': '0dc54a8b-e215-4088-954b-986bf0243db0', 'context': [<snowplow_tracker.self_describing_json.SelfDescribingJson object at 0x0000021435DFD370>]}
[0m14:05:16.784566 [info ] [MainThread]: Registered adapter: snowflake=1.12.1
[0m14:05:17.258148 [debug] [MainThread]: checksum: e9d4732f47306cf2cd6bfd4916835be069b744b4c85486ddc17ea38e7b7e5573, vars: {}, profile: dbt_snowflake, target: dev, version: 1.12.5
[0m14:05:17.391861 [warn ] [MainThread]: [[33mWARNING[0m][PropertyMovedToConfigDeprecation]: Deprecated functionality
Found `meta` as a top-level property of `sources[0].tables[0]` in file
`models\src\sources.yml`. The `meta` top-level property should be moved into the
`config` of `sources[0].tables[0]`.
[0m14:05:17.392472 [debug] [MainThread]: Sending event: {'category': 'dbt', 'action': 'deprecation', 'label': '0dc54a8b-e215-4088-954b-986bf0243db0', 'property_': 'warn', 'context': [<snowplow_tracker.self_describing_json.SelfDescribingJson object at 0x0000021450210650>]}
[0m14:05:17.498181 [debug] [MainThread]: Partial parsing enabled: 0 files deleted, 0 files added, 2 files changed.
[0m14:05:17.498901 [debug] [MainThread]: Partial parsing: updated file: dbt_code://models\schema.yml
[0m14:05:17.499294 [debug] [MainThread]: Partial parsing: updated file: dbt_code://models\src\src_employer.sql
[0m14:05:18.064454 [warn ] [MainThread]: [[33mWARNING[0m][MissingArgumentsPropertyInGenericTestDeprecation]: Deprecated
functionality
Found top-level arguments to test `relationships` defined on 'fct_job_ads' in
package 'dbt_code' (models\schema.yml). Arguments to generic tests should be
nested under the `arguments` property.
[0m14:05:18.065081 [debug] [MainThread]: Sending event: {'category': 'dbt', 'action': 'deprecation', 'label': '0dc54a8b-e215-4088-954b-986bf0243db0', 'property_': 'warn', 'context': [<snowplow_tracker.self_describing_json.SelfDescribingJson object at 0x000002144F4FBF20>]}
[0m14:05:18.343936 [debug] [MainThread]: Sending event: {'category': 'dbt', 'action': 'load_project', 'label': '0dc54a8b-e215-4088-954b-986bf0243db0', 'context': [<snowplow_tracker.self_describing_json.SelfDescribingJson object at 0x0000021451458D70>]}
[0m14:05:18.477116 [debug] [MainThread]: Wrote artifact WritableManifest to C:\Users\Rickard\Documents\github\modern-data-stack-course\14_dagster\data_transformation\target\manifest.json
[0m14:05:18.480952 [debug] [MainThread]: Wrote artifact SemanticManifest to C:\Users\Rickard\Documents\github\modern-data-stack-course\14_dagster\data_transformation\target\semantic_manifest.json
[0m14:05:18.512144 [debug] [MainThread]: Wrote artifact OsiDocument to C:\Users\Rickard\Documents\github\modern-data-stack-course\14_dagster\data_transformation\target\osi_document.json
[0m14:05:18.542681 [debug] [MainThread]: Sending event: {'category': 'dbt', 'action': 'resource_counts', 'label': '0dc54a8b-e215-4088-954b-986bf0243db0', 'context': [<snowplow_tracker.self_describing_json.SelfDescribingJson object at 0x00000214517F6000>]}
[0m14:05:18.543149 [info ] [MainThread]: Found 9 models, 9 data tests, 1 source, 947 macros
[0m14:05:18.545873 [info ] [MainThread]: 
[0m14:05:18.546311 [info ] [MainThread]: Concurrency: 1 threads (target='dev')
[0m14:05:18.546756 [info ] [MainThread]: 
[0m14:05:18.547411 [debug] [MainThread]: Acquiring new snowflake connection 'master'
[0m14:05:18.551973 [debug] [ThreadPool]: Acquiring new snowflake connection 'list_job_ads'
[0m14:05:18.563986 [debug] [ThreadPool]: Using snowflake connection "list_job_ads"
[0m14:05:18.564406 [debug] [ThreadPool]: On list_job_ads: show terse schemas in database job_ads
    limit 10000
/* {"app": "dbt", "dbt_version": "1.12.5", "profile_name": "dbt_snowflake", "target_name": "dev", "connection_name": "list_job_ads"} */
[0m14:05:18.565158 [debug] [ThreadPool]: Opening a new connection, currently in state init
[0m14:05:19.256063 [debug] [ThreadPool]: SQL status: SUCCESS 4 in 0.691 seconds
[0m14:05:19.258432 [debug] [ThreadPool]: Using snowflake connection "list_job_ads"
[0m14:05:19.258754 [debug] [ThreadPool]: On list_job_ads: show terse schemas in database job_ads
    limit 10000
/* {"app": "dbt", "dbt_version": "1.12.5", "profile_name": "dbt_snowflake", "target_name": "dev", "connection_name": "list_job_ads"} */
[0m14:05:19.337239 [debug] [ThreadPool]: SQL status: SUCCESS 4 in 0.078 seconds
[0m14:05:19.340139 [debug] [ThreadPool]: Acquiring new snowflake connection 'list_job_ads_warehouse'
[0m14:05:19.349996 [debug] [ThreadPool]: Using snowflake connection "list_job_ads_warehouse"
[0m14:05:19.350358 [debug] [ThreadPool]: On list_job_ads_warehouse: show objects in job_ads.warehouse
    limit 10000
    

/* {"app": "dbt", "dbt_version": "1.12.5", "profile_name": "dbt_snowflake", "target_name": "dev", "connection_name": "list_job_ads_warehouse"} */;
[0m14:05:19.350642 [debug] [ThreadPool]: Opening a new connection, currently in state init
[0m14:05:19.605406 [debug] [ThreadPool]: SQL status: SUCCESS 3 in 0.255 seconds
[0m14:05:19.610355 [debug] [ThreadPool]: Using snowflake connection "list_job_ads_warehouse"
[0m14:05:19.610720 [debug] [ThreadPool]: On list_job_ads_warehouse: show user functions in job_ads.warehouse
/* {"app": "dbt", "dbt_version": "1.12.5", "profile_name": "dbt_snowflake", "target_name": "dev", "connection_name": "list_job_ads_warehouse"} */
[0m14:05:19.671026 [debug] [ThreadPool]: SQL status: SUCCESS 0 in 0.060 seconds
[0m14:05:19.672753 [debug] [ThreadPool]: Re-using an available connection from the pool (formerly list_job_ads_warehouse, now list_job_ads_marts)
[0m14:05:19.674113 [debug] [ThreadPool]: Using snowflake connection "list_job_ads_marts"
[0m14:05:19.675046 [debug] [ThreadPool]: On list_job_ads_marts: show objects in job_ads.marts
    limit 10000
    

/* {"app": "dbt", "dbt_version": "1.12.5", "profile_name": "dbt_snowflake", "target_name": "dev", "connection_name": "list_job_ads_marts"} */;
[0m14:05:19.760497 [debug] [ThreadPool]: SQL status: SUCCESS 1 in 0.085 seconds
[0m14:05:19.762921 [debug] [ThreadPool]: Using snowflake connection "list_job_ads_marts"
[0m14:05:19.763289 [debug] [ThreadPool]: On list_job_ads_marts: show user functions in job_ads.marts
/* {"app": "dbt", "dbt_version": "1.12.5", "profile_name": "dbt_snowflake", "target_name": "dev", "connection_name": "list_job_ads_marts"} */
[0m14:05:19.816316 [debug] [ThreadPool]: SQL status: SUCCESS 0 in 0.053 seconds
[0m14:05:19.818272 [debug] [MainThread]: Sending event: {'category': 'dbt', 'action': 'runnable_timing', 'label': '0dc54a8b-e215-4088-954b-986bf0243db0', 'context': [<snowplow_tracker.self_describing_json.SelfDescribingJson object at 0x0000021451830710>]}
[0m14:05:19.823029 [debug] [Thread-2 (]: Began running node model.dbt_code.src_employer
[0m14:05:19.823810 [debug] [Thread-2 (]: Acquiring new snowflake connection 'model.dbt_code.src_employer'
[0m14:05:19.824186 [debug] [Thread-2 (]: Began compiling node model.dbt_code.src_employer
[0m14:05:19.830122 [debug] [Thread-2 (]: Writing injected SQL for node "model.dbt_code.src_employer"
[0m14:05:19.831394 [debug] [Thread-2 (]: Finished running node model.dbt_code.src_employer
[0m14:05:19.831870 [debug] [Thread-2 (]: Began running node model.dbt_code.src_job_ads
[0m14:05:19.832333 [debug] [Thread-2 (]: Re-using an available connection from the pool (formerly model.dbt_code.src_employer, now model.dbt_code.src_job_ads)
[0m14:05:19.832880 [debug] [Thread-2 (]: Began compiling node model.dbt_code.src_job_ads
[0m14:05:19.835570 [debug] [Thread-2 (]: Writing injected SQL for node "model.dbt_code.src_job_ads"
[0m14:05:19.836954 [debug] [Thread-2 (]: Finished running node model.dbt_code.src_job_ads
[0m14:05:19.837377 [debug] [Thread-2 (]: Began running node model.dbt_code.src_occupation
[0m14:05:19.837779 [debug] [Thread-2 (]: Re-using an available connection from the pool (formerly model.dbt_code.src_job_ads, now model.dbt_code.src_occupation)
[0m14:05:19.838142 [debug] [Thread-2 (]: Began compiling node model.dbt_code.src_occupation
[0m14:05:19.839918 [debug] [Thread-2 (]: Writing injected SQL for node "model.dbt_code.src_occupation"
[0m14:05:19.841222 [debug] [Thread-2 (]: Finished running node model.dbt_code.src_occupation
[0m14:05:19.841696 [debug] [Thread-2 (]: Began running node model.dbt_code.dim_employer
[0m14:05:19.842233 [info ] [Thread-2 (]: 1 of 13 START sql table model warehouse.dim_employer ........................... [RUN]
[0m14:05:19.842918 [debug] [Thread-2 (]: Re-using an available connection from the pool (formerly model.dbt_code.src_occupation, now model.dbt_code.dim_employer)
[0m14:05:19.843289 [debug] [Thread-2 (]: Began compiling node model.dbt_code.dim_employer
[0m14:05:19.850368 [debug] [Thread-2 (]: Writing injected SQL for node "model.dbt_code.dim_employer"
[0m14:05:19.851523 [debug] [Thread-2 (]: Began executing node model.dbt_code.dim_employer
[0m14:05:19.884422 [debug] [Thread-2 (]: Writing runtime sql for node "model.dbt_code.dim_employer"
[0m14:05:19.886513 [debug] [Thread-2 (]: Using snowflake connection "model.dbt_code.dim_employer"
[0m14:05:19.886947 [debug] [Thread-2 (]: On model.dbt_code.dim_employer: create or replace transient table job_ads.warehouse.dim_employer
    
    
    
    
    

    as (with  __dbt__cte__src_employer as (
with stg_job_ads as (select * from job_ads.staging.technical_field_job_ads)

select
    employer__workplace as employer_workplace,
    workplace_address__municipality as workplace_municipality,
    employer__name as employer_name,
    employer__organization_number as employer_organization_number,
    workplace_address__street_address as workplace_street_address,
    workplace_address__region as workplace_region,
    workplace_address__postcode as workplace_postcode,
    workplace_address__country as workplace_country,
    coalesce(workplace_address__city, workplace_address__municipality) as workplace_city
from stg_job_ads
), src_employer as (select * from __dbt__cte__src_employer)

select
    md5(cast(coalesce(cast(employer_workplace as TEXT), '_dbt_utils_surrogate_key_null_') || '-' || coalesce(cast(workplace_municipality as TEXT), '_dbt_utils_surrogate_key_null_') as TEXT)) as employer_id,
    employer_workplace,
    workplace_municipality,
    max(employer_name) as employer_name,
    max(employer_organization_number) as employer_organization_number,
    max(workplace_street_address) as workplace_street_address,
    max(workplace_region) as workplace_region,
    max(workplace_postcode) as workplace_postcode,
    max(workplace_city) as workplace_city,
    max(workplace_country) as workplace_country
from src_employer
group by employer_workplace, workplace_municipality
    )

/* {"app": "dbt", "dbt_version": "1.12.5", "profile_name": "dbt_snowflake", "target_name": "dev", "node_id": "model.dbt_code.dim_employer"} */;
[0m14:05:19.887337 [debug] [Thread-2 (]: Opening a new connection, currently in state init
[0m14:05:20.512409 [debug] [Thread-2 (]: SQL status: SUCCESS 92 in 0.625 seconds
[0m14:05:20.537488 [debug] [Thread-2 (]: Sending event: {'category': 'dbt', 'action': 'run_model', 'label': '0dc54a8b-e215-4088-954b-986bf0243db0', 'context': [<snowplow_tracker.self_describing_json.SelfDescribingJson object at 0x0000021451C50260>]}
[0m14:05:20.538120 [info ] [Thread-2 (]: 1 of 13 OK created sql table model warehouse.dim_employer ...................... [[32mSUCCESS 92[0m in 0.69s]
[0m14:05:20.538886 [debug] [Thread-2 (]: Finished running node model.dbt_code.dim_employer
[0m14:05:20.539295 [debug] [Thread-2 (]: Began running node model.dbt_code.fct_job_ads
[0m14:05:20.539740 [info ] [Thread-2 (]: 2 of 13 START sql table model warehouse.fct_job_ads ............................ [RUN]
[0m14:05:20.540306 [debug] [Thread-2 (]: Re-using an available connection from the pool (formerly model.dbt_code.dim_employer, now model.dbt_code.fct_job_ads)
[0m14:05:20.540662 [debug] [Thread-2 (]: Began compiling node model.dbt_code.fct_job_ads
[0m14:05:20.550469 [debug] [Thread-2 (]: Writing injected SQL for node "model.dbt_code.fct_job_ads"
[0m14:05:20.551471 [debug] [Thread-2 (]: Began executing node model.dbt_code.fct_job_ads
[0m14:05:20.553532 [debug] [Thread-2 (]: Writing runtime sql for node "model.dbt_code.fct_job_ads"
[0m14:05:20.555087 [debug] [Thread-2 (]: Using snowflake connection "model.dbt_code.fct_job_ads"
[0m14:05:20.555572 [debug] [Thread-2 (]: On model.dbt_code.fct_job_ads: create or replace transient table job_ads.warehouse.fct_job_ads
    
    
    
    
    

    as (-- this is an extract of the model

with  __dbt__cte__src_job_ads as (
-- this is an extract of the model

with stg_job_ads as (select * from job_ads.staging.technical_field_job_ads)

select
    id,
    occupation__label,
    employer__workplace,
    workplace_address__municipality,
    number_of_vacancies as vacancies,
    relevance,
    application_deadline
from stg_job_ads
), job_ads as (select * from __dbt__cte__src_job_ads)

select
    md5(cast(coalesce(cast(occupation__label as TEXT), '_dbt_utils_surrogate_key_null_') as TEXT)) as occupation_id,
    md5(cast(coalesce(cast(employer__workplace as TEXT), '_dbt_utils_surrogate_key_null_') || '-' || coalesce(cast(workplace_address__municipality as TEXT), '_dbt_utils_surrogate_key_null_') as TEXT)) as employer_id,
    md5(cast(coalesce(cast(id as TEXT), '_dbt_utils_surrogate_key_null_') as TEXT)) as job_details_id,
    md5(cast(coalesce(cast(id as TEXT), '_dbt_utils_surrogate_key_null_') as TEXT)) as auxilliary_attributes_id,
    vacancies,
    relevance,
    application_deadline
from job_ads
    )

/* {"app": "dbt", "dbt_version": "1.12.5", "profile_name": "dbt_snowflake", "target_name": "dev", "node_id": "model.dbt_code.fct_job_ads"} */;
[0m14:05:20.990249 [debug] [Thread-2 (]: SQL status: SUCCESS 100 in 0.434 seconds
[0m14:05:20.992600 [debug] [Thread-2 (]: Sending event: {'category': 'dbt', 'action': 'run_model', 'label': '0dc54a8b-e215-4088-954b-986bf0243db0', 'context': [<snowplow_tracker.self_describing_json.SelfDescribingJson object at 0x0000021451C411D0>]}
[0m14:05:20.993272 [info ] [Thread-2 (]: 2 of 13 OK created sql table model warehouse.fct_job_ads ....................... [[32mSUCCESS 100[0m in 0.45s]
[0m14:05:20.994167 [debug] [Thread-2 (]: Finished running node model.dbt_code.fct_job_ads
[0m14:05:20.994618 [debug] [Thread-2 (]: Began running node model.dbt_code.dim_occupation
[0m14:05:20.995173 [info ] [Thread-2 (]: 3 of 13 START sql table model warehouse.dim_occupation ......................... [RUN]
[0m14:05:20.995896 [debug] [Thread-2 (]: Re-using an available connection from the pool (formerly model.dbt_code.fct_job_ads, now model.dbt_code.dim_occupation)
[0m14:05:20.996250 [debug] [Thread-2 (]: Began compiling node model.dbt_code.dim_occupation
[0m14:05:21.000990 [debug] [Thread-2 (]: Writing injected SQL for node "model.dbt_code.dim_occupation"
[0m14:05:21.002062 [debug] [Thread-2 (]: Began executing node model.dbt_code.dim_occupation
[0m14:05:21.004031 [debug] [Thread-2 (]: Writing runtime sql for node "model.dbt_code.dim_occupation"
[0m14:05:21.005521 [debug] [Thread-2 (]: Using snowflake connection "model.dbt_code.dim_occupation"
[0m14:05:21.005941 [debug] [Thread-2 (]: On model.dbt_code.dim_occupation: create or replace transient table job_ads.warehouse.dim_occupation
    
    
    
    
    

    as (with  __dbt__cte__src_occupation as (
with stg_job_ads as (select * from job_ads.staging.technical_field_job_ads)

select
    occupation_group__concept_id as occupation_group_id,
    occupation_field__concept_id as occupation_field_id,
    occupation__label as occupation,
    occupation_group__label as occupation_group,
    occupation_field__label as occupation_field
from stg_job_ads
), src_occupation as (select * from __dbt__cte__src_occupation)

-- we use aggregate function max() for deduplicate, but there are more alternative codes one can use for this purpose
select
    md5(cast(coalesce(cast(occupation as TEXT), '_dbt_utils_surrogate_key_null_') as TEXT)) as occupation_id,
    occupation,
    max(occupation_group) as occupation_group,
    max(occupation_field) as occupation_field
from src_occupation
group by occupation
    )

/* {"app": "dbt", "dbt_version": "1.12.5", "profile_name": "dbt_snowflake", "target_name": "dev", "node_id": "model.dbt_code.dim_occupation"} */;
[0m14:05:22.171164 [debug] [Thread-2 (]: SQL status: SUCCESS 58 in 1.165 seconds
[0m14:05:22.173157 [debug] [Thread-2 (]: Sending event: {'category': 'dbt', 'action': 'run_model', 'label': '0dc54a8b-e215-4088-954b-986bf0243db0', 'context': [<snowplow_tracker.self_describing_json.SelfDescribingJson object at 0x000002145164AAD0>]}
[0m14:05:22.173722 [info ] [Thread-2 (]: 3 of 13 OK created sql table model warehouse.dim_occupation .................... [[32mSUCCESS 58[0m in 1.18s]
[0m14:05:22.174445 [debug] [Thread-2 (]: Finished running node model.dbt_code.dim_occupation
[0m14:05:22.174853 [debug] [Thread-2 (]: Began running node test.dbt_code.not_null_dim_employer_employer_id.e65273903e
[0m14:05:22.175231 [info ] [Thread-2 (]: 4 of 13 START test not_null_dim_employer_employer_id ........................... [RUN]
[0m14:05:22.175890 [debug] [Thread-2 (]: Re-using an available connection from the pool (formerly model.dbt_code.dim_occupation, now test.dbt_code.not_null_dim_employer_employer_id.e65273903e)
[0m14:05:22.176259 [debug] [Thread-2 (]: Began compiling node test.dbt_code.not_null_dim_employer_employer_id.e65273903e
[0m14:05:22.185952 [debug] [Thread-2 (]: Writing injected SQL for node "test.dbt_code.not_null_dim_employer_employer_id.e65273903e"
[0m14:05:22.187335 [debug] [Thread-2 (]: Began executing node test.dbt_code.not_null_dim_employer_employer_id.e65273903e
[0m14:05:22.204273 [debug] [Thread-2 (]: Writing runtime sql for node "test.dbt_code.not_null_dim_employer_employer_id.e65273903e"
[0m14:05:22.205591 [debug] [Thread-2 (]: Using snowflake connection "test.dbt_code.not_null_dim_employer_employer_id.e65273903e"
[0m14:05:22.206043 [debug] [Thread-2 (]: On test.dbt_code.not_null_dim_employer_employer_id.e65273903e: select
      count(*) as failures,
      count(*) != 0 as should_warn,
      count(*) != 0 as should_error
    from (
      
    
  
    
    



select employer_id
from job_ads.warehouse.dim_employer
where employer_id is null



  
  
      
    ) dbt_internal_test
/* {"app": "dbt", "dbt_version": "1.12.5", "profile_name": "dbt_snowflake", "target_name": "dev", "node_id": "test.dbt_code.not_null_dim_employer_employer_id.e65273903e"} */
[0m14:05:22.313624 [debug] [Thread-2 (]: SQL status: SUCCESS 1 in 0.107 seconds
[0m14:05:22.317113 [info ] [Thread-2 (]: 4 of 13 PASS not_null_dim_employer_employer_id ................................. [[32mPASS[0m in 0.14s]
[0m14:05:22.317905 [debug] [Thread-2 (]: Finished running node test.dbt_code.not_null_dim_employer_employer_id.e65273903e
[0m14:05:22.318344 [debug] [Thread-2 (]: Began running node test.dbt_code.not_null_dim_employer_workplace_city.0a26a4b590
[0m14:05:22.318721 [info ] [Thread-2 (]: 5 of 13 START test not_null_dim_employer_workplace_city ........................ [RUN]
[0m14:05:22.319313 [debug] [Thread-2 (]: Re-using an available connection from the pool (formerly test.dbt_code.not_null_dim_employer_employer_id.e65273903e, now test.dbt_code.not_null_dim_employer_workplace_city.0a26a4b590)
[0m14:05:22.319706 [debug] [Thread-2 (]: Began compiling node test.dbt_code.not_null_dim_employer_workplace_city.0a26a4b590
[0m14:05:22.325534 [debug] [Thread-2 (]: Writing injected SQL for node "test.dbt_code.not_null_dim_employer_workplace_city.0a26a4b590"
[0m14:05:22.326979 [debug] [Thread-2 (]: Began executing node test.dbt_code.not_null_dim_employer_workplace_city.0a26a4b590
[0m14:05:22.328870 [debug] [Thread-2 (]: Writing runtime sql for node "test.dbt_code.not_null_dim_employer_workplace_city.0a26a4b590"
[0m14:05:22.330457 [debug] [Thread-2 (]: Using snowflake connection "test.dbt_code.not_null_dim_employer_workplace_city.0a26a4b590"
[0m14:05:22.330886 [debug] [Thread-2 (]: On test.dbt_code.not_null_dim_employer_workplace_city.0a26a4b590: select
      count(*) as failures,
      count(*) != 0 as should_warn,
      count(*) != 0 as should_error
    from (
      
    
  
    
    



select workplace_city
from job_ads.warehouse.dim_employer
where workplace_city is null



  
  
      
    ) dbt_internal_test
/* {"app": "dbt", "dbt_version": "1.12.5", "profile_name": "dbt_snowflake", "target_name": "dev", "node_id": "test.dbt_code.not_null_dim_employer_workplace_city.0a26a4b590"} */
[0m14:05:22.406400 [debug] [Thread-2 (]: SQL status: SUCCESS 1 in 0.075 seconds
[0m14:05:22.408112 [info ] [Thread-2 (]: 5 of 13 PASS not_null_dim_employer_workplace_city .............................. [[32mPASS[0m in 0.09s]
[0m14:05:22.408858 [debug] [Thread-2 (]: Finished running node test.dbt_code.not_null_dim_employer_workplace_city.0a26a4b590
[0m14:05:22.409259 [debug] [Thread-2 (]: Began running node test.dbt_code.unique_dim_employer_employer_id.bb6a67e72f
[0m14:05:22.409641 [info ] [Thread-2 (]: 6 of 13 START test unique_dim_employer_employer_id ............................. [RUN]
[0m14:05:22.410220 [debug] [Thread-2 (]: Re-using an available connection from the pool (formerly test.dbt_code.not_null_dim_employer_workplace_city.0a26a4b590, now test.dbt_code.unique_dim_employer_employer_id.bb6a67e72f)
[0m14:05:22.410595 [debug] [Thread-2 (]: Began compiling node test.dbt_code.unique_dim_employer_employer_id.bb6a67e72f
[0m14:05:22.417905 [debug] [Thread-2 (]: Writing injected SQL for node "test.dbt_code.unique_dim_employer_employer_id.bb6a67e72f"
[0m14:05:22.419219 [debug] [Thread-2 (]: Began executing node test.dbt_code.unique_dim_employer_employer_id.bb6a67e72f
[0m14:05:22.421343 [debug] [Thread-2 (]: Writing runtime sql for node "test.dbt_code.unique_dim_employer_employer_id.bb6a67e72f"
[0m14:05:22.422895 [debug] [Thread-2 (]: Using snowflake connection "test.dbt_code.unique_dim_employer_employer_id.bb6a67e72f"
[0m14:05:22.423379 [debug] [Thread-2 (]: On test.dbt_code.unique_dim_employer_employer_id.bb6a67e72f: select
      count(*) as failures,
      count(*) != 0 as should_warn,
      count(*) != 0 as should_error
    from (
      
    
  
    
    

select
    employer_id as unique_field,
    count(*) as n_records

from job_ads.warehouse.dim_employer
where employer_id is not null
group by employer_id
having count(*) > 1



  
  
      
    ) dbt_internal_test
/* {"app": "dbt", "dbt_version": "1.12.5", "profile_name": "dbt_snowflake", "target_name": "dev", "node_id": "test.dbt_code.unique_dim_employer_employer_id.bb6a67e72f"} */
[0m14:05:22.509981 [debug] [Thread-2 (]: SQL status: SUCCESS 1 in 0.086 seconds
[0m14:05:22.511752 [info ] [Thread-2 (]: 6 of 13 PASS unique_dim_employer_employer_id ................................... [[32mPASS[0m in 0.10s]
[0m14:05:22.512474 [debug] [Thread-2 (]: Finished running node test.dbt_code.unique_dim_employer_employer_id.bb6a67e72f
[0m14:05:22.512862 [debug] [Thread-2 (]: Began running node test.dbt_code.dbt_expectations_expect_column_max_to_be_between_fct_job_ads_vacancies__20__1.1cdc5766cb
[0m14:05:22.513224 [info ] [Thread-2 (]: 7 of 13 START test dbt_expectations_expect_column_max_to_be_between_fct_job_ads_vacancies__20__1  [RUN]
[0m14:05:22.513771 [debug] [Thread-2 (]: Re-using an available connection from the pool (formerly test.dbt_code.unique_dim_employer_employer_id.bb6a67e72f, now test.dbt_code.dbt_expectations_expect_column_max_to_be_between_fct_job_ads_vacancies__20__1.1cdc5766cb)
[0m14:05:22.514163 [debug] [Thread-2 (]: Began compiling node test.dbt_code.dbt_expectations_expect_column_max_to_be_between_fct_job_ads_vacancies__20__1.1cdc5766cb
[0m14:05:22.522056 [debug] [Thread-2 (]: Writing injected SQL for node "test.dbt_code.dbt_expectations_expect_column_max_to_be_between_fct_job_ads_vacancies__20__1.1cdc5766cb"
[0m14:05:22.523190 [debug] [Thread-2 (]: Began executing node test.dbt_code.dbt_expectations_expect_column_max_to_be_between_fct_job_ads_vacancies__20__1.1cdc5766cb
[0m14:05:22.524787 [debug] [Thread-2 (]: Writing runtime sql for node "test.dbt_code.dbt_expectations_expect_column_max_to_be_between_fct_job_ads_vacancies__20__1.1cdc5766cb"
[0m14:05:22.526239 [debug] [Thread-2 (]: Using snowflake connection "test.dbt_code.dbt_expectations_expect_column_max_to_be_between_fct_job_ads_vacancies__20__1.1cdc5766cb"
[0m14:05:22.526662 [debug] [Thread-2 (]: On test.dbt_code.dbt_expectations_expect_column_max_to_be_between_fct_job_ads_vacancies__20__1.1cdc5766cb: select
      count(*) as failures,
      count(*) != 0 as should_warn,
      count(*) != 0 as should_error
    from (
      
    
  




    with grouped_expression as (
    select
        
        
    
  
( 1=1 and max(vacancies) >= 1 and max(vacancies) <= 20
)
 as expression


    from job_ads.warehouse.fct_job_ads
    

),
validation_errors as (

    select
        *
    from
        grouped_expression
    where
        not(expression = true)

)

select *
from validation_errors






  
  
      
    ) dbt_internal_test
/* {"app": "dbt", "dbt_version": "1.12.5", "profile_name": "dbt_snowflake", "target_name": "dev", "node_id": "test.dbt_code.dbt_expectations_expect_column_max_to_be_between_fct_job_ads_vacancies__20__1.1cdc5766cb"} */
[0m14:05:22.657513 [debug] [Thread-2 (]: SQL status: SUCCESS 1 in 0.130 seconds
[0m14:05:22.659281 [info ] [Thread-2 (]: 7 of 13 PASS dbt_expectations_expect_column_max_to_be_between_fct_job_ads_vacancies__20__1  [[32mPASS[0m in 0.15s]
[0m14:05:22.660035 [debug] [Thread-2 (]: Finished running node test.dbt_code.dbt_expectations_expect_column_max_to_be_between_fct_job_ads_vacancies__20__1.1cdc5766cb
[0m14:05:22.660441 [debug] [Thread-2 (]: Began running node test.dbt_code.dbt_expectations_expect_column_quantile_values_to_be_between_fct_job_ads_vacancies__20__1__0_99.0d1d0fc189
[0m14:05:22.660841 [info ] [Thread-2 (]: 8 of 13 START test dbt_expectations_expect_column_quantile_values_to_be_between_fct_job_ads_vacancies__20__1__0_99  [RUN]
[0m14:05:22.661506 [debug] [Thread-2 (]: Re-using an available connection from the pool (formerly test.dbt_code.dbt_expectations_expect_column_max_to_be_between_fct_job_ads_vacancies__20__1.1cdc5766cb, now test.dbt_code.dbt_expectations_expect_column_quantile_values_to_be_between_fct_job_ads_vacancies__20__1__0_99.0d1d0fc189)
[0m14:05:22.661882 [debug] [Thread-2 (]: Began compiling node test.dbt_code.dbt_expectations_expect_column_quantile_values_to_be_between_fct_job_ads_vacancies__20__1__0_99.0d1d0fc189
[0m14:05:22.667846 [debug] [Thread-2 (]: Writing injected SQL for node "test.dbt_code.dbt_expectations_expect_column_quantile_values_to_be_between_fct_job_ads_vacancies__20__1__0_99.0d1d0fc189"
[0m14:05:22.669005 [debug] [Thread-2 (]: Began executing node test.dbt_code.dbt_expectations_expect_column_quantile_values_to_be_between_fct_job_ads_vacancies__20__1__0_99.0d1d0fc189
[0m14:05:22.670904 [debug] [Thread-2 (]: Writing runtime sql for node "test.dbt_code.dbt_expectations_expect_column_quantile_values_to_be_between_fct_job_ads_vacancies__20__1__0_99.0d1d0fc189"
[0m14:05:22.672567 [debug] [Thread-2 (]: Using snowflake connection "test.dbt_code.dbt_expectations_expect_column_quantile_values_to_be_between_fct_job_ads_vacancies__20__1__0_99.0d1d0fc189"
[0m14:05:22.673023 [debug] [Thread-2 (]: On test.dbt_code.dbt_expectations_expect_column_quantile_values_to_be_between_fct_job_ads_vacancies__20__1__0_99.0d1d0fc189: select
      count(*) as failures,
      count(*) != 0 as should_warn,
      count(*) != 0 as should_error
    from (
      
    
  





    with grouped_expression as (
    select
        
        
    
  
( 1=1 and percentile_cont(0.99) within group (order by vacancies) >= 1 and percentile_cont(0.99) within group (order by vacancies) <= 20
)
 as expression


    from job_ads.warehouse.fct_job_ads
    

),
validation_errors as (

    select
        *
    from
        grouped_expression
    where
        not(expression = true)

)

select *
from validation_errors






  
  
      
    ) dbt_internal_test
/* {"app": "dbt", "dbt_version": "1.12.5", "profile_name": "dbt_snowflake", "target_name": "dev", "node_id": "test.dbt_code.dbt_expectations_expect_column_quantile_values_to_be_between_fct_job_ads_vacancies__20__1__0_99.0d1d0fc189"} */
[0m14:05:22.771331 [debug] [Thread-2 (]: SQL status: SUCCESS 1 in 0.098 seconds
[0m14:05:22.773208 [info ] [Thread-2 (]: 8 of 13 PASS dbt_expectations_expect_column_quantile_values_to_be_between_fct_job_ads_vacancies__20__1__0_99  [[32mPASS[0m in 0.11s]
[0m14:05:22.773979 [debug] [Thread-2 (]: Finished running node test.dbt_code.dbt_expectations_expect_column_quantile_values_to_be_between_fct_job_ads_vacancies__20__1__0_99.0d1d0fc189
[0m14:05:22.774394 [debug] [Thread-2 (]: Began running node test.dbt_code.dbt_expectations_expect_column_values_to_be_between_fct_job_ads_relevance__1__0.c2868257fd
[0m14:05:22.774776 [info ] [Thread-2 (]: 9 of 13 START test dbt_expectations_expect_column_values_to_be_between_fct_job_ads_relevance__1__0  [RUN]
[0m14:05:22.775434 [debug] [Thread-2 (]: Re-using an available connection from the pool (formerly test.dbt_code.dbt_expectations_expect_column_quantile_values_to_be_between_fct_job_ads_vacancies__20__1__0_99.0d1d0fc189, now test.dbt_code.dbt_expectations_expect_column_values_to_be_between_fct_job_ads_relevance__1__0.c2868257fd)
[0m14:05:22.775797 [debug] [Thread-2 (]: Began compiling node test.dbt_code.dbt_expectations_expect_column_values_to_be_between_fct_job_ads_relevance__1__0.c2868257fd
[0m14:05:22.781939 [debug] [Thread-2 (]: Writing injected SQL for node "test.dbt_code.dbt_expectations_expect_column_values_to_be_between_fct_job_ads_relevance__1__0.c2868257fd"
[0m14:05:22.782734 [debug] [Thread-2 (]: Began executing node test.dbt_code.dbt_expectations_expect_column_values_to_be_between_fct_job_ads_relevance__1__0.c2868257fd
[0m14:05:22.784228 [debug] [Thread-2 (]: Writing runtime sql for node "test.dbt_code.dbt_expectations_expect_column_values_to_be_between_fct_job_ads_relevance__1__0.c2868257fd"
[0m14:05:22.785737 [debug] [Thread-2 (]: Using snowflake connection "test.dbt_code.dbt_expectations_expect_column_values_to_be_between_fct_job_ads_relevance__1__0.c2868257fd"
[0m14:05:22.786170 [debug] [Thread-2 (]: On test.dbt_code.dbt_expectations_expect_column_values_to_be_between_fct_job_ads_relevance__1__0.c2868257fd: select
      count(*) as failures,
      count(*) != 0 as should_warn,
      count(*) != 0 as should_error
    from (
      
    
  






    with grouped_expression as (
    select
        
        
    
  
( 1=1 and relevance >= 0 and relevance <= 1
)
 as expression


    from job_ads.warehouse.fct_job_ads
    

),
validation_errors as (

    select
        *
    from
        grouped_expression
    where
        not(expression = true)

)

select *
from validation_errors








  
  
      
    ) dbt_internal_test
/* {"app": "dbt", "dbt_version": "1.12.5", "profile_name": "dbt_snowflake", "target_name": "dev", "node_id": "test.dbt_code.dbt_expectations_expect_column_values_to_be_between_fct_job_ads_relevance__1__0.c2868257fd"} */
[0m14:05:22.854283 [debug] [Thread-2 (]: SQL status: SUCCESS 1 in 0.068 seconds
[0m14:05:22.856161 [info ] [Thread-2 (]: 9 of 13 PASS dbt_expectations_expect_column_values_to_be_between_fct_job_ads_relevance__1__0  [[32mPASS[0m in 0.08s]
[0m14:05:22.856917 [debug] [Thread-2 (]: Finished running node test.dbt_code.dbt_expectations_expect_column_values_to_be_between_fct_job_ads_relevance__1__0.c2868257fd
[0m14:05:22.857332 [debug] [Thread-2 (]: Began running node test.dbt_code.dbt_expectations_expect_column_values_to_be_of_type_fct_job_ads_relevance__float.a761526467
[0m14:05:22.857709 [info ] [Thread-2 (]: 10 of 13 START test dbt_expectations_expect_column_values_to_be_of_type_fct_job_ads_relevance__float  [RUN]
[0m14:05:22.858278 [debug] [Thread-2 (]: Re-using an available connection from the pool (formerly test.dbt_code.dbt_expectations_expect_column_values_to_be_between_fct_job_ads_relevance__1__0.c2868257fd, now test.dbt_code.dbt_expectations_expect_column_values_to_be_of_type_fct_job_ads_relevance__float.a761526467)
[0m14:05:22.858654 [debug] [Thread-2 (]: Began compiling node test.dbt_code.dbt_expectations_expect_column_values_to_be_of_type_fct_job_ads_relevance__float.a761526467
[0m14:05:22.869601 [debug] [Thread-2 (]: Using snowflake connection "test.dbt_code.dbt_expectations_expect_column_values_to_be_of_type_fct_job_ads_relevance__float.a761526467"
[0m14:05:22.870055 [debug] [Thread-2 (]: On test.dbt_code.dbt_expectations_expect_column_values_to_be_of_type_fct_job_ads_relevance__float.a761526467: describe table job_ads.warehouse.fct_job_ads
/* {"app": "dbt", "dbt_version": "1.12.5", "profile_name": "dbt_snowflake", "target_name": "dev", "node_id": "test.dbt_code.dbt_expectations_expect_column_values_to_be_of_type_fct_job_ads_relevance__float.a761526467"} */
[0m14:05:22.913916 [debug] [Thread-2 (]: SQL status: SUCCESS 7 in 0.043 seconds
[0m14:05:22.920889 [debug] [Thread-2 (]: Writing injected SQL for node "test.dbt_code.dbt_expectations_expect_column_values_to_be_of_type_fct_job_ads_relevance__float.a761526467"
[0m14:05:22.922133 [debug] [Thread-2 (]: Began executing node test.dbt_code.dbt_expectations_expect_column_values_to_be_of_type_fct_job_ads_relevance__float.a761526467
[0m14:05:22.923896 [debug] [Thread-2 (]: Writing runtime sql for node "test.dbt_code.dbt_expectations_expect_column_values_to_be_of_type_fct_job_ads_relevance__float.a761526467"
[0m14:05:22.925804 [debug] [Thread-2 (]: Using snowflake connection "test.dbt_code.dbt_expectations_expect_column_values_to_be_of_type_fct_job_ads_relevance__float.a761526467"
[0m14:05:22.926233 [debug] [Thread-2 (]: On test.dbt_code.dbt_expectations_expect_column_values_to_be_of_type_fct_job_ads_relevance__float.a761526467: select
      count(*) as failures,
      count(*) != 0 as should_warn,
      count(*) != 0 as should_error
    from (
      
    
  with relation_columns as (

        
        select
            cast('OCCUPATION_ID' as TEXT) as relation_column,
            cast('VARCHAR' as TEXT) as relation_column_type
        union all
        
        select
            cast('EMPLOYER_ID' as TEXT) as relation_column,
            cast('VARCHAR' as TEXT) as relation_column_type
        union all
        
        select
            cast('JOB_DETAILS_ID' as TEXT) as relation_column,
            cast('VARCHAR' as TEXT) as relation_column_type
        union all
        
        select
            cast('AUXILLIARY_ATTRIBUTES_ID' as TEXT) as relation_column,
            cast('VARCHAR' as TEXT) as relation_column_type
        union all
        
        select
            cast('VACANCIES' as TEXT) as relation_column,
            cast('NUMBER' as TEXT) as relation_column_type
        union all
        
        select
            cast('RELEVANCE' as TEXT) as relation_column,
            cast('FLOAT' as TEXT) as relation_column_type
        union all
        
        select
            cast('APPLICATION_DEADLINE' as TEXT) as relation_column,
            cast('TIMESTAMP_TZ' as TEXT) as relation_column_type
        
        
    ),
    test_data as (

        select
            *
        from
            relation_columns
        where
            relation_column = 'RELEVANCE'
            and
            relation_column_type not in ('FLOAT')

    )
    select *
    from test_data
  
  
      
    ) dbt_internal_test
/* {"app": "dbt", "dbt_version": "1.12.5", "profile_name": "dbt_snowflake", "target_name": "dev", "node_id": "test.dbt_code.dbt_expectations_expect_column_values_to_be_of_type_fct_job_ads_relevance__float.a761526467"} */
[0m14:05:22.998885 [debug] [Thread-2 (]: SQL status: SUCCESS 1 in 0.072 seconds
[0m14:05:23.000684 [info ] [Thread-2 (]: 10 of 13 PASS dbt_expectations_expect_column_values_to_be_of_type_fct_job_ads_relevance__float  [[32mPASS[0m in 0.14s]
[0m14:05:23.001466 [debug] [Thread-2 (]: Finished running node test.dbt_code.dbt_expectations_expect_column_values_to_be_of_type_fct_job_ads_relevance__float.a761526467
[0m14:05:23.001873 [debug] [Thread-2 (]: Began running node test.dbt_code.dbt_expectations_expect_column_values_to_be_of_type_fct_job_ads_vacancies__number.e496ae5405
[0m14:05:23.002255 [info ] [Thread-2 (]: 11 of 13 START test dbt_expectations_expect_column_values_to_be_of_type_fct_job_ads_vacancies__number  [RUN]
[0m14:05:23.002855 [debug] [Thread-2 (]: Re-using an available connection from the pool (formerly test.dbt_code.dbt_expectations_expect_column_values_to_be_of_type_fct_job_ads_relevance__float.a761526467, now test.dbt_code.dbt_expectations_expect_column_values_to_be_of_type_fct_job_ads_vacancies__number.e496ae5405)
[0m14:05:23.003240 [debug] [Thread-2 (]: Began compiling node test.dbt_code.dbt_expectations_expect_column_values_to_be_of_type_fct_job_ads_vacancies__number.e496ae5405
[0m14:05:23.010069 [debug] [Thread-2 (]: Using snowflake connection "test.dbt_code.dbt_expectations_expect_column_values_to_be_of_type_fct_job_ads_vacancies__number.e496ae5405"
[0m14:05:23.010571 [debug] [Thread-2 (]: On test.dbt_code.dbt_expectations_expect_column_values_to_be_of_type_fct_job_ads_vacancies__number.e496ae5405: describe table job_ads.warehouse.fct_job_ads
/* {"app": "dbt", "dbt_version": "1.12.5", "profile_name": "dbt_snowflake", "target_name": "dev", "node_id": "test.dbt_code.dbt_expectations_expect_column_values_to_be_of_type_fct_job_ads_vacancies__number.e496ae5405"} */
[0m14:05:23.050583 [debug] [Thread-2 (]: SQL status: SUCCESS 7 in 0.040 seconds
[0m14:05:23.057715 [debug] [Thread-2 (]: Writing injected SQL for node "test.dbt_code.dbt_expectations_expect_column_values_to_be_of_type_fct_job_ads_vacancies__number.e496ae5405"
[0m14:05:23.058717 [debug] [Thread-2 (]: Began executing node test.dbt_code.dbt_expectations_expect_column_values_to_be_of_type_fct_job_ads_vacancies__number.e496ae5405
[0m14:05:23.060287 [debug] [Thread-2 (]: Writing runtime sql for node "test.dbt_code.dbt_expectations_expect_column_values_to_be_of_type_fct_job_ads_vacancies__number.e496ae5405"
[0m14:05:23.061910 [debug] [Thread-2 (]: Using snowflake connection "test.dbt_code.dbt_expectations_expect_column_values_to_be_of_type_fct_job_ads_vacancies__number.e496ae5405"
[0m14:05:23.062337 [debug] [Thread-2 (]: On test.dbt_code.dbt_expectations_expect_column_values_to_be_of_type_fct_job_ads_vacancies__number.e496ae5405: select
      count(*) as failures,
      count(*) != 0 as should_warn,
      count(*) != 0 as should_error
    from (
      
    
  with relation_columns as (

        
        select
            cast('OCCUPATION_ID' as TEXT) as relation_column,
            cast('VARCHAR' as TEXT) as relation_column_type
        union all
        
        select
            cast('EMPLOYER_ID' as TEXT) as relation_column,
            cast('VARCHAR' as TEXT) as relation_column_type
        union all
        
        select
            cast('JOB_DETAILS_ID' as TEXT) as relation_column,
            cast('VARCHAR' as TEXT) as relation_column_type
        union all
        
        select
            cast('AUXILLIARY_ATTRIBUTES_ID' as TEXT) as relation_column,
            cast('VARCHAR' as TEXT) as relation_column_type
        union all
        
        select
            cast('VACANCIES' as TEXT) as relation_column,
            cast('NUMBER' as TEXT) as relation_column_type
        union all
        
        select
            cast('RELEVANCE' as TEXT) as relation_column,
            cast('FLOAT' as TEXT) as relation_column_type
        union all
        
        select
            cast('APPLICATION_DEADLINE' as TEXT) as relation_column,
            cast('TIMESTAMP_TZ' as TEXT) as relation_column_type
        
        
    ),
    test_data as (

        select
            *
        from
            relation_columns
        where
            relation_column = 'VACANCIES'
            and
            relation_column_type not in ('NUMBER')

    )
    select *
    from test_data
  
  
      
    ) dbt_internal_test
/* {"app": "dbt", "dbt_version": "1.12.5", "profile_name": "dbt_snowflake", "target_name": "dev", "node_id": "test.dbt_code.dbt_expectations_expect_column_values_to_be_of_type_fct_job_ads_vacancies__number.e496ae5405"} */
[0m14:05:23.130032 [debug] [Thread-2 (]: SQL status: SUCCESS 1 in 0.067 seconds
[0m14:05:23.132389 [info ] [Thread-2 (]: 11 of 13 PASS dbt_expectations_expect_column_values_to_be_of_type_fct_job_ads_vacancies__number  [[32mPASS[0m in 0.13s]
[0m14:05:23.133252 [debug] [Thread-2 (]: Finished running node test.dbt_code.dbt_expectations_expect_column_values_to_be_of_type_fct_job_ads_vacancies__number.e496ae5405
[0m14:05:23.133662 [debug] [Thread-2 (]: Began running node test.dbt_code.relationships_fct_job_ads_occupation_id__occupation_id__ref_dim_occupation_.a8eda44378
[0m14:05:23.134072 [info ] [Thread-2 (]: 12 of 13 START test relationships_fct_job_ads_occupation_id__occupation_id__ref_dim_occupation_  [RUN]
[0m14:05:23.134640 [debug] [Thread-2 (]: Re-using an available connection from the pool (formerly test.dbt_code.dbt_expectations_expect_column_values_to_be_of_type_fct_job_ads_vacancies__number.e496ae5405, now test.dbt_code.relationships_fct_job_ads_occupation_id__occupation_id__ref_dim_occupation_.a8eda44378)
[0m14:05:23.135023 [debug] [Thread-2 (]: Began compiling node test.dbt_code.relationships_fct_job_ads_occupation_id__occupation_id__ref_dim_occupation_.a8eda44378
[0m14:05:23.144645 [debug] [Thread-2 (]: Writing injected SQL for node "test.dbt_code.relationships_fct_job_ads_occupation_id__occupation_id__ref_dim_occupation_.a8eda44378"
[0m14:05:23.145594 [debug] [Thread-2 (]: Began executing node test.dbt_code.relationships_fct_job_ads_occupation_id__occupation_id__ref_dim_occupation_.a8eda44378
[0m14:05:23.147472 [debug] [Thread-2 (]: Writing runtime sql for node "test.dbt_code.relationships_fct_job_ads_occupation_id__occupation_id__ref_dim_occupation_.a8eda44378"
[0m14:05:23.148817 [debug] [Thread-2 (]: Using snowflake connection "test.dbt_code.relationships_fct_job_ads_occupation_id__occupation_id__ref_dim_occupation_.a8eda44378"
[0m14:05:23.149246 [debug] [Thread-2 (]: On test.dbt_code.relationships_fct_job_ads_occupation_id__occupation_id__ref_dim_occupation_.a8eda44378: select
      count(*) as failures,
      count(*) != 0 as should_warn,
      count(*) != 0 as should_error
    from (
      
    
  
    
    

with child as (
    select occupation_id as from_field
    from job_ads.warehouse.fct_job_ads
    where occupation_id is not null
),

parent as (
    select occupation_id as to_field
    from job_ads.warehouse.dim_occupation
)

select
    from_field

from child
left join parent
    on child.from_field = parent.to_field

where parent.to_field is null



  
  
      
    ) dbt_internal_test
/* {"app": "dbt", "dbt_version": "1.12.5", "profile_name": "dbt_snowflake", "target_name": "dev", "node_id": "test.dbt_code.relationships_fct_job_ads_occupation_id__occupation_id__ref_dim_occupation_.a8eda44378"} */
[0m14:05:23.301595 [debug] [Thread-2 (]: SQL status: SUCCESS 1 in 0.152 seconds
[0m14:05:23.303494 [info ] [Thread-2 (]: 12 of 13 PASS relationships_fct_job_ads_occupation_id__occupation_id__ref_dim_occupation_  [[32mPASS[0m in 0.17s]
[0m14:05:23.304304 [debug] [Thread-2 (]: Finished running node test.dbt_code.relationships_fct_job_ads_occupation_id__occupation_id__ref_dim_occupation_.a8eda44378
[0m14:05:23.305125 [debug] [Thread-2 (]: Began running node model.dbt_code.mart_technical_jobs
[0m14:05:23.305639 [info ] [Thread-2 (]: 13 of 13 START sql table model marts.mart_technical_jobs ....................... [RUN]
[0m14:05:23.306366 [debug] [Thread-2 (]: Re-using an available connection from the pool (formerly test.dbt_code.relationships_fct_job_ads_occupation_id__occupation_id__ref_dim_occupation_.a8eda44378, now model.dbt_code.mart_technical_jobs)
[0m14:05:23.306762 [debug] [Thread-2 (]: Began compiling node model.dbt_code.mart_technical_jobs
[0m14:05:23.308693 [debug] [Thread-2 (]: Writing injected SQL for node "model.dbt_code.mart_technical_jobs"
[0m14:05:23.310003 [debug] [Thread-2 (]: Began executing node model.dbt_code.mart_technical_jobs
[0m14:05:23.311893 [debug] [Thread-2 (]: Writing runtime sql for node "model.dbt_code.mart_technical_jobs"
[0m14:05:23.313579 [debug] [Thread-2 (]: Using snowflake connection "model.dbt_code.mart_technical_jobs"
[0m14:05:23.313987 [debug] [Thread-2 (]: On model.dbt_code.mart_technical_jobs: create or replace transient table job_ads.marts.mart_technical_jobs
    
    
    
    
    

    as (-- this is an extract of the model

with
    fct_job_ads as (select * from job_ads.warehouse.fct_job_ads),
    dim_occupation as (select * from job_ads.warehouse.dim_occupation)
select
    f.vacancies,
    f.relevance,
    o.occupation,
    o.occupation_group,
    o.occupation_field,
    f.application_deadline,
from fct_job_ads f
left join dim_occupation o on f.occupation_id = o.occupation_id
where o.occupation_field = 'Yrken med teknisk inriktning'
    )

/* {"app": "dbt", "dbt_version": "1.12.5", "profile_name": "dbt_snowflake", "target_name": "dev", "node_id": "model.dbt_code.mart_technical_jobs"} */;
[0m14:05:23.769578 [debug] [Thread-2 (]: SQL status: SUCCESS 96 in 0.455 seconds
[0m14:05:23.856659 [debug] [Thread-2 (]: Sending event: {'category': 'dbt', 'action': 'run_model', 'label': '0dc54a8b-e215-4088-954b-986bf0243db0', 'context': [<snowplow_tracker.self_describing_json.SelfDescribingJson object at 0x000002143363EE40>]}
[0m14:05:23.857480 [info ] [Thread-2 (]: 13 of 13 OK created sql table model marts.mart_technical_jobs .................. [[32mSUCCESS 96[0m in 0.55s]
[0m14:05:23.858412 [debug] [Thread-2 (]: Finished running node model.dbt_code.mart_technical_jobs
[0m14:05:23.859968 [debug] [MainThread]: Connection 'master' was properly closed.
[0m14:05:23.860497 [debug] [MainThread]: Connection 'list_job_ads' was left open.
[0m14:05:23.860884 [debug] [MainThread]: On list_job_ads: Close
[0m14:05:23.912099 [debug] [MainThread]: Connection 'list_job_ads_marts' was left open.
[0m14:05:23.912513 [debug] [MainThread]: On list_job_ads_marts: Close
[0m14:05:23.962501 [debug] [MainThread]: Connection 'model.dbt_code.mart_technical_jobs' was left open.
[0m14:05:23.962914 [debug] [MainThread]: On model.dbt_code.mart_technical_jobs: Close
[0m14:05:24.013511 [info ] [MainThread]: 
[0m14:05:24.014069 [info ] [MainThread]: Finished running 4 table models, 9 data tests in 0 hours 0 minutes and 5.47 seconds (5.47s).
[0m14:05:24.016772 [debug] [MainThread]: Command end result
[0m14:05:24.086213 [debug] [MainThread]: Wrote artifact WritableManifest to C:\Users\Rickard\Documents\github\modern-data-stack-course\14_dagster\data_transformation\target\manifest.json
[0m14:05:24.089447 [debug] [MainThread]: Wrote artifact SemanticManifest to C:\Users\Rickard\Documents\github\modern-data-stack-course\14_dagster\data_transformation\target\semantic_manifest.json
[0m14:05:24.094069 [debug] [MainThread]: Wrote artifact OsiDocument to C:\Users\Rickard\Documents\github\modern-data-stack-course\14_dagster\data_transformation\target\osi_document.json
[0m14:05:24.101466 [debug] [MainThread]: Wrote artifact RunExecutionResult to C:\Users\Rickard\Documents\github\modern-data-stack-course\14_dagster\data_transformation\target\run_results.json
[0m14:05:24.101825 [info ] [MainThread]: 
[0m14:05:24.102294 [info ] [MainThread]: [32mCompleted successfully[0m
[0m14:05:24.102765 [info ] [MainThread]: 
[0m14:05:24.103251 [info ] [MainThread]: Done. PASS=13 WARN=0 ERROR=0 SKIP=0 NO-OP=0 REUSED=0 TOTAL=13
[0m14:05:24.103960 [warn ] [MainThread]: [[33mWARNING[0m][DeprecationsSummary]: Deprecated functionality
Summary of encountered deprecations:
- PropertyMovedToConfigDeprecation: 1 occurrence
- MissingArgumentsPropertyInGenericTestDeprecation: 6 occurrences
To see all deprecation instances instead of just the first occurrence of each,
run command again with the `--show-all-deprecations` flag. You may also need to
run with `--no-partial-parse` as some deprecations are only encountered during
parsing.
[0m14:05:24.105231 [debug] [MainThread]: Command `dbt build` succeeded at 14:05:24.105125 after 8.84 seconds
[0m14:05:24.105580 [debug] [MainThread]: Sending event: {'category': 'dbt', 'action': 'invocation', 'label': 'end', 'context': [<snowplow_tracker.self_describing_json.SelfDescribingJson object at 0x0000021430C19490>, <snowplow_tracker.self_describing_json.SelfDescribingJson object at 0x00000214514762D0>, <snowplow_tracker.self_describing_json.SelfDescribingJson object at 0x0000021451477230>]}
[0m14:05:24.105927 [debug] [MainThread]: Flushing usage events
[0m14:05:24.968925 [debug] [MainThread]: An error was encountered while trying to flush usage events
